theta;RFC;;KNN;;GNB;;SVC;
0;79.77;2.952473539;97.36;1.247156766;91.72;2.43137821;94.925;1.588041246
0.012271846;79.94;3.020165558;97.39;1.165289664;91.79;2.140303717;95.065;1.663813391
0.024543693;79.995;3.078550795;97.38;1.151347037;91.45;2.146508793;94.87;1.690591612
0.036815539;79.69;3.179449638;97.42;1.121873433;91.69;2.285585264;94.91;1.583319298
0.049087385;79.97;2.873864993;97.375;1.186117616;91.855;2.340186958;94.9;1.655294536
0.061359232;80.14;2.777660886;97.41;1.186128155;91.78;2.373099239;94.915;1.531429071
0.073631078;79.83;2.966664794;97.395;1.188055133;91.635;2.338648114;94.805;1.7448424
0.085902924;79.965;3.312291503;97.405;1.220030737;91.8;2.203406454;94.885;1.656585343
0.09817477;79.035;3.235162283;97.345;1.176212141;91.8;2.260530911;94.87;1.70531522
0.110446617;79.765;3.02361952;97.415;1.239062145;91.725;2.371049346;94.905;1.730166177
0.122718463;79.335;3.248118686;97.405;1.176212141;91.57;2.280372777;95.03;1.834148304
0.134990309;79.7;2.682349716;97.345;1.141698296;91.795;2.385471651;94.96;1.638108666
0.147262156;79.79;2.635507541;97.405;1.128483496;91.56;2.397164992;94.785;1.643555597
0.159534002;80.025;3.204976599;97.38;1.133843023;91.685;2.43480492;94.905;1.633546755
0.171805848;79.535;2.988523883;97.265;1.194686151;91.81;2.23470356;94.905;1.538985055
0.184077695;79.785;3.33185759;97.365;1.205933249;91.945;2.382115656;94.88;1.576578574
0.196349541;79.41;3.097079269;97.325;1.253744392;91.435;2.295272315;94.95;1.556438242
0.208621387;79.69;2.919571886;97.33;1.1836807;91.715;2.285010941;94.815;1.633485537
0.220893233;79.36;3.206306286;97.355;1.202694891;91.705;2.565243653;94.835;1.695663587
0.23316508;80.14;3.24043207;97.28;1.190210065;91.535;2.659186906;94.815;1.619652741
0.245436926;79.735;3.250734532;97.385;1.168021832;91.5;2.575849374;94.91;1.595900999
0.257708772;79.885;3.289266636;97.32;1.175840125;91.66;2.434009039;94.815;1.613466764
0.269980619;80.125;3.201854931;97.3;1.208304597;91.715;2.430282905;94.77;1.611552047
0.282252465;80.055;3.149519805;97.28;1.211032617;91.575;2.705896339;94.88;1.628066338
0.294524311;80.125;3.117190241;97.3;1.228820573;91.695;2.511866836;94.925;1.636115827
0.306796158;79.34;2.913657495;97.32;1.156546584;91.795;2.49408801;94.745;1.588230147
0.319068004;79.57;3.21793412;97.29;1.162282238;91.7;2.511971337;94.94;1.589465319
0.33133985;79.625;2.926922445;97.345;1.262329196;91.88;2.394911272;94.86;1.68089262
0.343611696;79.24;3.280609699;97.28;1.164731729;91.76;2.397373563;94.81;1.618301579
0.355883543;79.435;3.223860264;97.29;1.239314327;91.695;2.27034689;94.765;1.60071078
0.368155389;79.38;3.024169307;97.315;1.242286199;91.645;2.07640916;94.755;1.585078862
0.380427235;79.99;2.970673324;97.265;1.23785096;91.84;2.243746866;94.745;1.585078862
0.392699082;79.19;3.250215377;97.255;1.243975482;91.615;2.544459668;94.795;1.52331054
0.404970928;79.985;3.049143322;97.345;1.260347174;91.855;2.163671648;94.795;1.671967404
0.417242774;79.68;3.142864935;97.31;1.252557384;91.61;2.120825311;94.73;1.548257085
0.429514621;79.92;3.145409353;97.25;1.215524578;91.78;2.13227578;94.765;1.562777975
0.441786467;79.88;3.084736618;97.215;1.223223201;91.675;2.277471185;94.825;1.540089283
0.454058313;79.78;3.044930213;97.235;1.251908543;91.72;2.417974359;94.76;1.548353965
0.46633016;79.945;3.008234532;97.19;1.262497525;91.665;2.419767551;94.745;1.588230147
0.478602006;79.73;3.159446154;97.19;1.284095012;91.79;2.287116088;94.765;1.597584114
0.490873852;79.615;3.014013105;97.175;1.273528563;91.645;2.259751092;94.92;1.60424437
0.503145698;79.42;3.041151098;97.12;1.269094165;91.7;2.427962108;94.79;1.546253537
0.515417545;79.805;2.59315927;97.205;1.321164259;91.63;2.337327534;94.69;1.656472155
0.527689391;79.73;3.195637652;97.205;1.25716944;91.515;2.369024061;94.715;1.612846862
0.539961237;79.14;3.13853469;97.16;1.254750971;91.74;2.173108373;94.78;1.444506836
0.552233084;79.49;3.346625166;97.18;1.30866344;91.655;2.386100375;94.66;1.582529621
0.56450493;79.635;2.864310563;97.23;1.271652468;91.81;2.274620848;94.75;1.737095277
0.576776776;79.735;3.211273112;97.17;1.369707998;91.85;2.284184756;94.685;1.55024998
0.589048623;79.345;3.174661399;97.075;1.327356395;91.615;2.362048899;94.765;1.575523722
0.601320469;79.575;3.501696018;97.14;1.36762568;91.445;2.43607779;94.755;1.666575831
0.613592315;79.295;3.185981011;97.125;1.400669483;91.8;2.39582971;94.795;1.576538931
0.625864161;79.94;3.372150649;97.155;1.403023521;91.775;2.308002383;94.645;1.503820136
0.638136008;79.355;3.301738179;97.105;1.330967693;91.54;2.502678565;94.68;1.68896418
0.650407854;79.735;2.813765271;97.065;1.331643721;91.32;2.312487838;94.71;1.53977271
0.6626797;79.48;3.336854807;97.14;1.376735269;91.535;2.522156815;94.66;1.62
0.674951547;79.66;2.990718977;97.115;1.381765175;91.54;2.168732349;94.685;1.487707969
0.687223393;79.355;3.310811834;97.145;1.345910473;91.335;2.380183816;94.645;1.645136772
0.699495239;79.39;2.628288416;97.095;1.285875188;91.42;2.282235746;94.7;1.504991694
0.711767086;79.51;3.353341617;97.08;1.344841998;91.54;2.273411533;94.585;1.533060664
0.724038932;79.925;3.294977238;97.02;1.422884394;91.485;2.261034055;94.615;1.460915809
0.736310778;79.335;2.887953428;97.065;1.335393201;91.585;2.363318641;94.73;1.507348666
0.748582624;79.295;3.259674063;97.11;1.372188034;91.765;2.462168759;94.74;1.41859085
0.760854471;79.785;2.645047259;97.05;1.41509717;91.42;2.341708778;94.605;1.552892462
0.773126317;79.425;3.052355648;97.05;1.364734406;91.4;2.249444376;94.64;1.563777478
0.785398163;79.705;3.03405257;97.025;1.369990876;91.435;2.009545969;94.62;1.491844496
0.79767001;79.74;3.30944104;97.045;1.330591974;91.38;2.455727998;94.65;1.458595215
0.809941856;78.94;3.461415895;97.005;1.467131555;91.355;2.436488252;94.705;1.419674258
0.822213702;79.67;2.925935748;96.955;1.440650895;91.41;2.237610332;94.63;1.512646687
0.834485549;78.84;2.935029812;96.965;1.461600151;91.495;2.200562428;94.765;1.525540888
0.846757395;79.2;3.48353269;96.99;1.365613415;91.45;2.253330868;94.59;1.477125587
0.859029241;79.295;2.735045703;97.025;1.373635687;91.63;2.352254238;94.59;1.502298239
0.871301088;79.17;3.266664966;96.95;1.32947358;91.57;2.14827838;94.65;1.500833102
0.883572934;79.055;3.472675482;97.01;1.376553668;91.32;2.227689386;94.565;1.506079347
0.89584478;79.615;2.915351608;96.93;1.305794777;91.51;2.432056743;94.575;1.518840018
0.908116626;79.43;3.054521239;97.045;1.345538925;91.325;2.550857699;94.4;1.508310313
0.920388473;79.1;3.250384593;96.95;1.400892573;91.46;2.382939361;94.565;1.639595987
0.932660319;79.43;3.200796776;96.91;1.37;91.405;2.218890489;94.45;1.467140075
0.944932165;79.325;3.209653408;96.97;1.426218777;91.41;2.436575466;94.42;1.680357105
0.957204012;79.21;2.851473303;96.945;1.387254483;91.08;2.263537055;94.555;1.514752455
0.969475858;79.54;2.830794941;97.03;1.387119317;91.525;2.264260365;94.4;1.573213272
0.981747704;79.335;3.520692403;96.975;1.332994749;91.115;2.129383714;94.55;1.656049516
0.994019551;79.63;3.005511604;96.92;1.399499911;91.3;2.409356761;94.47;1.527776162
1.006291397;79.18;3.303422468;96.925;1.382705681;91.41;2.341345767;94.47;1.455712884
1.018563243;79.135;3.119979968;96.94;1.362497706;91.24;2.420206603;94.505;1.588230147
1.030835089;79.025;3.412751822;96.915;1.31919483;91.11;2.057401273;94.445;1.630789686
1.043106936;79.13;3.068892308;96.95;1.359227722;91.23;2.206150494;94.42;1.594866766
1.055378782;78.895;3.032569043;96.915;1.398311482;91.34;2.245974176;94.415;1.54119272
1.067650628;79.1;3.433656943;96.875;1.310295768;91.26;2.183437657;94.555;1.592003455
1.079922475;79.81;3.245597017;96.82;1.353735572;91.32;2.06944437;94.49;1.590565937
1.092194321;79.455;3.186765602;96.855;1.340326453;91.215;2.629881176;94.48;1.534470593
1.104466167;79.35;3.45;96.875;1.366336342;90.965;2.415838364;94.47;1.558557025
1.116738014;79.355;2.892485955;96.875;1.369990876;90.97;2.331115613;94.41;1.573817016
1.12900986;78.75;2.941513216;96.845;1.427751729;91.02;2.269273011;94.57;1.581170453
1.141281706;78.94;2.975130249;96.9;1.332291259;91.215;2.425134017;94.645;1.568908856
1.153553552;79.27;3.733912158;96.885;1.376326633;91.09;2.57912776;94.58;1.597998748
1.165825399;79.28;3.092992079;96.86;1.430174814;91.045;2.487061519;94.42;1.593298465
1.178097245;78.985;2.717954194;96.92;1.383329317;90.965;2.310037878;94.405;1.464061133
1.190369091;79.47;3.10066122;96.955;1.309761429;91.295;2.149529018;94.47;1.385315848
1.202640938;78.945;3.201480126;96.965;1.343977306;91.17;2.364550697;94.64;1.596997182
1.214912784;79.04;3.003065101;96.865;1.363552346;90.98;2.293381782;94.485;1.500758142
1.22718463;79.02;2.905959394;96.8;1.354621718;91.17;2.454811602;94.5;1.398213145
1.239456477;79.355;3.542806091;96.9;1.339776101;91.205;2.247326189;94.425;1.669393602
1.251728323;78.96;2.889359791;96.94;1.344023809;90.99;2.383254078;94.465;1.471827096
1.264000169;79.405;3.057527596;96.825;1.357156955;90.785;2.306788894;94.4;1.534600925
1.276272016;79.15;3.091520661;96.915;1.284630297;90.94;2.330536419;94.55;1.570827807
1.288543862;79.54;3.043583414;96.94;1.279218511;90.825;2.423195205;94.465;1.652656952
1.300815708;78.45;3.122098653;96.885;1.345092934;91.255;2.442841583;94.485;1.482320815
1.313087554;78.61;3.338098261;97.005;1.329464178;90.925;2.423195205;94.515;1.533712815
1.325359401;79.04;3.127842707;96.845;1.314714798;90.99;2.505972865;94.46;1.472548811
1.337631247;79.1;3.203903869;96.96;1.342907294;90.97;2.167740759;94.445;1.593573029
1.349903093;79.035;3.40679835;96.86;1.313544822;91.08;2.467508865;94.52;1.479729705
1.36217494;78.82;3.111687645;96.93;1.341678054;91.045;2.323892209;94.5;1.590597372
1.374446786;79.025;3.254516093;96.88;1.290581264;91.275;2.271976012;94.45;1.514100393
1.386718632;79.085;2.710216781;96.985;1.338758753;90.795;2.315269963;94.47;1.585591372
1.398990479;79.06;3.43313268;96.9;1.332291259;90.995;2.244431999;94.55;1.646966909
1.411262325;79.05;3.559845502;96.935;1.305095782;90.995;2.274307587;94.42;1.577529714
1.423534171;79.465;2.814475973;96.98;1.282419588;90.98;2.242676972;94.52;1.64
1.435806017;79.005;3.042609899;96.955;1.296331362;90.95;2.352126697;94.42;1.492849624
1.448077864;79;3.308322838;96.945;1.292081654;90.985;2.500454959;94.415;1.595391801
1.46034971;78.53;2.917893075;96.995;1.235910595;91.27;2.223083444;94.52;1.547449515
1.472621556;79.175;3.401745875;96.945;1.244779097;91.07;2.141284661;94.475;1.581731646
1.484893403;79.515;2.986180671;96.925;1.316007219;90.87;2.241227342;94.54;1.51439757
1.497165249;79.025;3.258354646;96.96;1.234260912;90.82;2.348957215;94.57;1.526466508
1.509437095;78.94;3.264414189;96.865;1.333894674;91.25;2.201703886;94.525;1.595893167
1.521708942;79.17;3.284980974;96.955;1.307851291;90.985;2.296143506;94.53;1.503030272
1.533980788;79.19;3.17787665;96.955;1.224938774;91.1;2.446425965;94.445;1.527898884
1.546252634;79.2;2.80624304;97.035;1.265414952;90.86;2.146019571;94.57;1.644718821
1.55852448;78.95;3.447100231;96.97;1.21823643;90.96;2.110308034;94.43;1.620216035
1.570796327;79.63;3.262376434;97.035;1.298566517;91.085;2.407337741;94.65;1.572418519
1.583068173;79.44;3.161708399;97.03;1.288060558;91.165;2.305488018;94.525;1.561049327
1.595340019;79.925;3.644430683;96.95;1.340708768;90.875;2.343474984;94.63;1.67871975
1.607611866;79.425;3.146724487;97.02;1.234746938;91.245;2.108903744;94.505;1.602334235
1.619883712;79.16;2.818581203;97.035;1.273292975;91.16;2.073499457;94.645;1.575269818
1.632155558;79.645;3.155388249;97.03;1.343167897;91;2.1;94.665;1.614086429
1.644427405;78.26;2.877047097;96.98;1.266728069;90.88;2.294689521;94.585;1.621812258
1.656699251;79.23;3.519531219;97.03;1.316852308;90.97;2.240334796;94.595;1.636604717
1.668971097;79.72;3.168059343;97.055;1.189317031;91.04;2.201908263;94.56;1.586316488
1.681242944;79.16;3.086162666;97.06;1.269409311;91.045;2.421874274;94.6;1.609347694
1.69351479;79.09;2.84198874;97.09;1.233653112;91.145;2.33162497;94.66;1.568247429
1.705786636;79.415;3.105684305;97.135;1.256692086;91.125;2.420098139;94.54;1.504460036
1.718058482;79.695;3.047864006;97.175;1.194518732;90.99;2.361122614;94.705;1.76507082
1.730330329;79.505;2.898702296;97.07;1.305794777;91.065;2.342706768;94.7;1.615549442
1.742602175;79.115;3.448807765;97.065;1.252307869;91.195;2.331196045;94.61;1.622621336
1.754874021;79.065;3.51045225;97.14;1.278827588;91.03;2.181536156;94.665;1.558933931
1.767145868;78.965;2.868148357;97.145;1.239546288;91.25;2.201703886;94.615;1.750507069
1.779417714;79.13;2.831624975;97.08;1.285923792;91.215;2.40234781;94.6;1.630950643
1.79168956;79.59;2.847261843;97.08;1.348554782;91.115;2.599860573;94.685;1.569482399
1.803961407;79.345;3.007237104;97.22;1.306369014;91.13;2.3575623;94.64;1.697174122
1.816233253;78.55;3.698986348;97.13;1.258213019;91.035;2.471087817;94.59;1.559455033
1.828505099;79.545;2.94965676;97.145;1.185948987;91.255;2.459161442;94.65;1.605459436
1.840776945;79.25;2.914189424;97.055;1.347024499;91.285;2.209360767;94.625;1.800520758
1.853048792;79.335;3.354142961;97.135;1.244698759;91.12;2.411555515;94.65;1.600781059
1.865320638;79.795;3.350444;97.205;1.170672883;91.05;2.321098878;94.63;1.58685223
1.877592484;79.615;3.2162517;97.18;1.221720099;91.35;2.275412051;94.69;1.527710706
1.889864331;78.875;3.190121471;97.21;1.279023065;91.535;2.451790162;94.705;1.576538931
1.902136177;79.255;3.055728227;97.105;1.290920214;91.445;2.159739568;94.655;1.601085569
1.914408023;78.945;3.393298543;97.185;1.169732875;91.235;2.30917193;94.685;1.760191751
1.92667987;79.06;3.188479261;97.245;1.203110552;91.54;2.253530563;94.705;1.644832818
1.938951716;79.04;3.115830547;97.26;1.263882906;91.505;2.402597553;94.645;1.657249227
1.951223562;79.52;2.813289889;97.235;1.357304314;91.42;2.508704845;94.755;1.543526806
1.963495408;79.115;2.965514289;97.265;1.245903287;91.445;2.308565572;94.685;1.674298361
1.975767255;79.52;3.49064464;97.24;1.233855745;91.5;2.47082982;94.84;1.671645896
1.988039101;79.37;3.329129015;97.295;1.23510121;91.315;2.260149331;94.755;1.633240644
2.000310947;79.665;2.745045537;97.285;1.253505086;91.09;2.586870696;94.725;1.580150309
2.012582794;79.715;2.855043783;97.35;1.235920709;91.585;2.549563688;94.61;1.569362928
2.02485464;79.135;3.090190124;97.325;1.249749975;91.4;2.435159132;94.77;1.557915274
2.037126486;79.54;3.08356936;97.3;1.260952021;91.475;2.479289213;94.67;1.520230246
2.049398333;80.04;2.53148178;97.235;1.269753913;91.405;2.534457536;94.725;1.583311403
2.061670179;79.735;3.208157571;97.36;1.208470107;91.59;2.334930406;94.7;1.694107435
2.073942025;79.93;3.121714273;97.345;1.186791894;91.5;2.420743687;94.7;1.743559577
2.086213872;80.065;3.333657901;97.345;1.17408475;91.505;2.177722434;94.815;1.537294702
2.098485718;79.56;2.969242328;97.3;1.208304597;91.435;2.543280362;94.72;1.617590801
2.110757564;79.76;3.026119628;97.36;1.22490816;91.405;2.2789197;94.72;1.617590801
2.12302941;80.305;2.910236245;97.36;1.191805353;91.34;2.202135327;94.77;1.528757666
2.135301257;79.815;3.094878834;97.42;1.226213684;91.39;2.674490606;94.775;1.540089283
2.147573103;80.05;2.930443652;97.415;1.222814377;91.68;2.414042253;94.825;1.575396775
2.159844949;79.43;2.872298731;97.35;1.235920709;91.59;2.415967715;94.835;1.595391801
2.172116796;79.93;3.386753608;97.335;1.218718589;91.585;2.263907021;94.835;1.500091664
2.184388642;79.945;3.313529085;97.45;1.10792599;91.67;2.332616557;94.81;1.558492862
2.196660488;80.53;2.706307447;97.44;1.171067889;91.7;2.194310826;94.87;1.49268215
2.208932335;80.035;3.25595992;97.485;1.17144142;91.71;2.34965955;94.91;1.495626959
2.221204181;79.605;2.950673652;97.47;1.193356611;91.685;2.346971453;94.71;1.549483785
2.233476027;79.745;3.429646483;97.44;1.142978565;91.595;2.24799355;94.865;1.513035029
2.245747873;80.215;3.331107173;97.44;1.190126044;91.565;2.380813936;94.84;1.503130068
2.25801972;80.11;2.806759698;97.545;1.1981131;91.775;2.37315718;94.8;1.598436736
2.270291566;79.8;3.371201566;97.405;1.135110127;91.66;2.365248401;94.9;1.6673332
2.282563412;79.59;3.541454503;97.455;1.212631436;91.72;2.387802337;94.815;1.645683748
2.294835259;80.36;2.98;97.46;1.112834219;91.82;2.519444383;94.78;1.54970965
2.307107105;80.095;3.141412899;97.465;1.185864663;91.645;2.538006107;94.785;1.637459923
2.319378951;80.355;2.938788015;97.445;1.201863137;91.985;2.394216991;94.84;1.590408752
2.331650798;79.745;2.753629423;97.365;1.199697879;91.83;2.223982914;94.78;1.573721703
2.343922644;80.31;3.539618624;97.385;1.210072312;91.99;2.169078145;94.89;1.692010638
2.35619449;79.74;2.812898861;97.47;1.159353268;91.675;2.314492385;94.84;1.627697761
2.368466337;79.78;3.223600472;97.43;1.176902715;91.83;2.287159811;94.84;1.630766691
2.380738183;79.885;3.15899905;97.495;1.143448731;91.785;2.307872397;94.88;1.644870816
2.393010029;80.195;3.426291727;97.48;1.180931835;91.86;2.210294098;94.86;1.607917908
2.405281875;79.795;3.409615081;97.505;1.173658809;91.775;2.248749653;94.89;1.535545506
2.417553722;80.18;3.101225564;97.48;1.159568885;92.095;2.207594845;94.845;1.58223734
2.429825568;79.655;3.144594568;97.485;1.156406071;92.03;2.21903132;94.805;1.573046407
2.442097414;79.6;3.250384593;97.525;1.125555418;92.09;2.259845127;94.8;1.541103501
2.454369261;79.84;3.24798399;97.53;1.113148687;91.895;2.348717735;94.83;1.634350024
2.466641107;80.06;3.291109236;97.5;1.161895004;92.07;2.366453042;94.835;1.513365455
2.478912953;79.73;3.529461715;97.47;1.191259837;92.07;2.334544924;94.875;1.551410648
2.4911848;80.06;3.020993214;97.435;1.173999574;91.91;2.232017025;94.755;1.5819213
2.503456646;80.035;2.67044472;97.485;1.154242176;92.14;2.413586543;94.815;1.486026581
2.515728492;80.3;3.041381265;97.465;1.171014517;92.005;2.196013433;94.815;1.58848198
2.528000338;79.68;3.13569769;97.455;1.193932578;92.065;2.395469683;94.765;1.69919834
2.540272185;79.99;3.09917731;97.47;1.180720119;91.955;2.33997329;94.75;1.59608897
2.552544031;80.01;2.924876066;97.475;1.156233108;92.145;2.33162497;94.845;1.619714481
2.564815877;79.455;3.087956444;97.53;1.163658025;91.985;2.380603915;94.755;1.553214409
2.577087724;80.09;3.090614826;97.445;1.163819144;92.115;2.422658664;94.8;1.634013464
2.58935957;80.27;3.130830561;97.43;1.159784463;92.225;2.118224492;94.79;1.570318439
2.601631416;79.76;3.096352693;97.46;1.197246842;91.755;2.257758845;94.735;1.617799431
2.613903263;80.01;2.812454444;97.41;1.237699479;91.855;2.30032063;94.655;1.60887383
2.626175109;79.715;3.528636422;97.445;1.182994083;91.88;2.250688783;94.835;1.64932562
2.638446955;80.12;2.974995798;97.43;1.232923355;92.1;2.179449472;94.77;1.605334856
2.650718801;79.85;3.073678578;97.465;1.192172387;92.005;2.263288537;94.59;1.595900999
2.662990648;79.475;3.141158226;97.45;1.223723825;92.25;2.353189325;94.705;1.617243024
2.675262494;79.9;3.357826678;97.445;1.174510536;92.24;2.252198925;94.74;1.659035865
2.68753434;80.545;2.486056114;97.395;1.17748673;92.05;2.273213584;94.615;1.593510276
2.699806187;79.975;2.8603977;97.44;1.140789201;92.33;2.315404932;94.735;1.613156843
2.712078033;79.895;3.371420324;97.465;1.149467268;92.115;2.051651774;94.735;1.639291005
2.724349879;79.685;3.169112652;97.425;1.237689379;92.17;2.404391815;94.715;1.762462766
2.736621726;80.05;2.725344015;97.365;1.193429931;91.955;2.472948645;94.75;1.61322658
2.748893572;79.75;3.161091584;97.41;1.200791406;91.985;2.411902776;94.62;1.595493654
2.761165418;79.865;2.978972138;97.37;1.207518116;91.985;2.374294632;94.725;1.664894892
2.773437265;80.23;2.942295023;97.37;1.184525221;92.05;2.264398375;94.665;1.685311544
2.785709111;80.18;3.080194799;97.42;1.211858077;92.075;2.351993835;94.625;1.70788612
2.797980957;79.655;2.813089938;97.405;1.188896547;92.1;2.254994457;94.63;1.624222891
2.810252803;80.16;3.4719447;97.42;1.211858077;92.11;2.384931865;94.625;1.722461901
2.82252465;80.19;3.155772489;97.37;1.19503138;92.315;2.316953819;94.53;1.63679565
2.834796496;79.9;3.182766093;97.37;1.217825932;92.185;2.504650674;94.625;1.613032858
2.847068342;79.265;2.967705343;97.435;1.141610704;92.29;2.459857719;94.535;1.606634682
2.859340189;80.025;2.868252953;97.39;1.215689105;92.215;2.40546773;94.555;1.677639711
2.871612035;79.875;2.633794791;97.355;1.21921081;92.395;2.279577812;94.535;1.725188396
2.883883881;80.58;3.130271554;97.405;1.148248666;92.155;2.19054217;94.61;1.740086205
2.896155728;80.01;3.283275803;97.36;1.220819397;92.255;2.285273507;94.52;1.702821188
2.908427574;80.265;2.876156289;97.365;1.197612208;92.09;2.255415704;94.63;1.6149613
2.92069942;80.055;2.877407687;97.385;1.185021097;92.17;2.361376717;94.59;1.721017141
2.932971266;80.885;2.88518197;97.375;1.177656571;92.115;2.163163193;94.59;1.721017141
2.945243113;79.905;3.676067872;97.38;1.200249974;92.375;2.360481942;94.605;1.725246359
2.957514959;80.28;2.947303853;97.405;1.188896547;92.31;2.355610324;94.48;1.685111272
2.969786805;80.24;3.276797217;97.38;1.177115118;92.29;2.162382945;94.475;1.713731309
2.982058652;79.56;2.862062194;97.355;1.196442644;92.245;2.381695824;94.56;1.679702355
2.994330498;80.32;2.63583004;97.365;1.224448856;92.355;2.230801425;94.51;1.655264329
3.006602344;79.465;3.232843176;97.37;1.178176557;92.42;2.275653752;94.56;1.61752898
3.018874191;80.355;3.064551354;97.36;1.226947432;92.46;2.257963684;94.46;1.644201934
3.031146037;79.865;2.964671145;97.325;1.237689379;92.48;2.448387224;94.575;1.649810595
3.043417883;79.72;2.895962707;97.39;1.203287164;92.53;2.351403836;94.48;1.671705716
3.055689729;80.28;3.242159774;97.37;1.205445976;92.44;2.338033362;94.535;1.741055714
3.067961576;79.99;3.208566658;97.415;1.202195907;92.49;2.297803299;94.6;1.643167673
3.080233422;79.27;3.165770049;97.38;1.185580027;92.455;2.226089621;94.505;1.614767785
3.092505268;79.915;3.238097435;97.325;1.21937484;92.175;2.479289213;94.57;1.701499339
3.104777115;79.9;3.223352292;97.36;1.166361865;92.375;2.442718772;94.47;1.714380355
3.117048961;79.97;3.299863634;97.39;1.182328212;92.3;2.451530134;94.625;1.588041246
3.129320807;80.11;2.994645221;97.415;1.202195907;92.185;2.451178288;94.585;1.641729271
3.141592654;79.31;3.245597017;97.41;1.207021127;92.195;2.324752675;94.62;1.629601178
3.1538645;79.745;3.14602527;97.33;1.212889113;92.255;2.506486585;94.565;1.712680647
3.166136346;80.13;3.0599183;97.345;1.182571351;92.225;2.364714571;94.56;1.651181395
3.178408193;79.865;2.852941465;97.39;1.165289664;92.465;2.328363159;94.57;1.603153143
3.190680039;79.205;3.248149473;97.345;1.176212141;92.495;2.376441668;94.605;1.639046979
3.202951885;80.035;2.842758344;97.38;1.153516363;92.37;2.281030469;94.475;1.690229274
3.215223731;79.68;3.47887913;97.365;1.174425391;92.33;2.471052407;94.585;1.790328182
3.227495578;80.175;3.290421705;97.43;1.11584049;92.33;2.391882104;94.55;1.669580786
3.239767424;80.155;3.130251587;97.385;1.108726747;92.415;2.315226771;94.55;1.700735135
3.25203927;80.335;3.355633323;97.39;1.188654702;92.48;2.43918019;94.51;1.75638834
3.264311117;80.225;3.05808355;97.305;1.176637157;92.3;2.501999201;94.605;1.74684716
3.276582963;80.35;2.842094298;97.36;1.086462148;92.605;2.320878067;94.555;1.767618454
3.288854809;80.3;2.798213716;97.37;1.128317331;92.405;2.301841654;94.565;1.73587874
3.301126656;80.2;3.027375101;97.315;1.137222494;92.375;2.34027242;94.575;1.734034313
3.313398502;80.13;3.089190833;97.385;1.15510822;92.55;2.374342014;94.57;1.673349934
3.325670348;80.01;3.248830559;97.335;1.135902725;92.505;2.325397815;94.59;1.756957598
3.337942194;80.17;3.544164217;97.33;1.131856881;92.4;2.488975693;94.565;1.644163921
3.350214041;80.33;3.340823252;97.32;1.134724636;92.41;2.339209268;94.69;1.708478856
3.362485887;80.065;3.008866065;97.355;1.127597002;92.415;2.267217458;94.615;1.662610899
3.374757733;79.915;3.224170436;97.35;1.141271221;92.26;2.15694228;94.68;1.716857595
3.38702958;80.035;3.280438233;97.345;1.121817721;92.36;2.334609175;94.585;1.685311544
3.399301426;80.045;3.238128317;97.345;1.150423835;92.435;2.184782598;94.535;1.77940299
3.411573272;80.02;3.143978371;97.38;1.072660244;92.32;2.20059083;94.61;1.772822608
3.423845119;79.8;2.704625667;97.37;1.128317331;92.405;2.079296756;94.695;1.730455142
3.436116965;80.085;2.890549256;97.335;1.095570628;92.5;2.029778313;94.64;1.694225487
3.448388811;80.57;2.885324938;97.36;1.127120224;92.455;2.279358462;94.705;1.739389261
3.460660657;80.41;2.977734038;97.395;1.136430816;92.325;2.172987575;94.71;1.700264685
3.472932504;79.985;3.302616387;97.375;1.105384548;92.28;2.252021314;94.73;1.769773997
3.48520435;80.38;3.48290109;97.355;1.111968974;92.49;2.202248851;94.715;1.710635847
3.497476196;80.045;3.202417056;97.34;1.117765628;92.33;2.069081922;94.665;1.740768508
3.509748043;80.43;3.1360963;97.335;1.118156966;92.245;2.301624426;94.73;1.748456462
3.522019889;80.755;3.197260546;97.41;1.100863298;92.29;2.197930845;94.66;1.644506005
3.534291735;80.295;3.373495961;97.34;1.126676529;92.225;2.422163289;94.71;1.697321419
3.546563582;80.43;3.197671027;97.355;1.125377714;92.18;2.351084856;94.675;1.752676525
3.558835428;80.535;3.192377641;97.44;1.084619749;92.38;2.150720809;94.655;1.677341647
3.571107274;79.89;3.619102099;97.4;1.070046728;92.33;2.228474815;94.745;1.70219711
3.583379121;80.425;3.358105865;97.425;1.075581238;92.355;2.299233568;94.785;1.785014006
3.595650967;80.015;3.176834116;97.39;1.05966976;92.375;2.177584671;94.765;1.671010174
3.607922813;80.625;2.846379279;97.41;1.080231457;92.29;2.388702577;94.735;1.588167183
3.620194659;80.44;3.134708918;97.39;1.110360302;92.34;2.315037797;94.88;1.658493292
3.632466506;80.255;2.909033345;97.43;1.077079384;92.31;2.264707487;94.685;1.73875674
3.644738352;80.01;2.963089604;97.47;1.085863712;92.205;2.130839037;94.81;1.681933411
3.657010198;79.91;3.418610829;97.41;1.080231457;92.275;2.16953336;94.715;1.667715503
3.669282045;80.08;2.841408102;97.43;1.084020295;92.19;2.356671381;94.69;1.64890873
3.681553891;80.165;3.083062601;97.4;1.063014581;92.18;2.248910847;94.74;1.586631652
3.693825737;80.585;3.461975592;97.475;1.075581238;92.205;2.168057887;94.77;1.548257085
3.706097584;80.425;2.858649157;97.425;1.094017824;92.385;2.283478706;94.775;1.706421695
3.71836943;80.325;3.398804937;97.43;1.095490758;92.29;2.300195644;94.885;1.701256888
3.730641276;80.545;3.297040339;97.41;1.091741728;92.145;2.118130072;94.83;1.576737137
3.742913122;80.12;3.222669701;97.485;1.085023041;92.175;2.226404051;94.875;1.564249021
3.755184969;80.29;3.364654514;97.455;1.102485828;92.315;2.172159064;94.745;1.636299178
3.767456815;80.235;3.378945842;97.46;1.073964618;92.455;2.113167054;94.925;1.634587104
3.779728661;80.335;3.658589209;97.445;1.0929204;92.215;2.205963508;94.845;1.68031991
3.792000508;80.795;2.894041292;97.44;1.084619749;92.12;2.100142852;94.86;1.563777478
3.804272354;80.04;2.94251593;97.465;1.077624703;92.1;2.050609665;94.965;1.663212253
3.8165442;80.585;3.536986712;97.475;1.049702339;92.225;2.227526655;94.905;1.712739034
3.828816047;81.06;3.062907116;97.465;1.138540733;92.215;2.378292455;94.92;1.574357012
3.841087893;80.575;2.870866594;97.475;1.091730278;92.17;2.195700344;94.88;1.582908715
3.853359739;80.08;2.806884394;97.455;1.072601977;92.15;2.176579886;94.9;1.695582496
3.865631585;80.01;2.967305175;97.49;1.046374694;92.375;2.356241711;94.93;1.574833325
3.877903432;80.49;3.004979201;97.515;1.05464449;92.44;2.239732127;95.005;1.636299178
3.890175278;79.835;3.469189387;97.5;1.004987562;92.01;2.186298241;94.905;1.715655851
3.902447124;80.67;3.015145104;97.535;1.056539162;92.105;2.299233568;94.9;1.570031847
3.914718971;80.06;2.910566955;97.5;1.090871211;92.29;2.146136063;94.975;1.55623745
3.926990817;80.665;3.370500705;97.52;1.02205675;92.27;2.249911109;94.91;1.535219854
3.939262663;80.365;3.385893531;97.52;1.072194012;92.385;2.324709659;94.945;1.607630244
3.95153451;80.32;3.235367058;97.525;1.042532973;92.425;2.234250434;94.815;1.532408235
3.963806356;80.27;3.042548274;97.58;1.040961094;92.255;2.145337969;95.04;1.540584305
3.976078202;80.04;3.057515331;97.51;1.034359705;92.21;2.436370251;95.045;1.646352028
3.988350049;80.4;2.893959226;97.465;1.114125217;92.41;2.119410295;94.87;1.70091152
4.000621895;80.49;3.581884979;97.48;1.157410904;92.425;2.303665557;94.96;1.690680336
4.012893741;80.085;3.149646806;97.475;1.089437928;92.43;2.219256632;94.915;1.565335427
4.025165587;79.975;3.600954735;97.53;1.130973032;92.35;2.375394704;94.86;1.623391512
4.037437434;80.08;2.853699353;97.475;1.059186008;92.595;2.102016889;95.015;1.551539558
4.04970928;80.415;3.063539619;97.515;1.130165917;92.52;2.204450045;94.96;1.668352481
4.061981126;80.43;2.866199574;97.485;1.011076159;92.505;2.18116368;94.835;1.582806053
4.074252973;80.615;3.119979968;97.48;1.081480467;92.165;2.384381471;95.005;1.61166839
4.086524819;80.425;2.768912241;97.52;1.108873302;92.39;2.371265485;95.03;1.596590116
4.098796665;80.035;3.011025573;97.525;1.032896413;92.335;2.343133586;94.9;1.566843962
4.111068512;80.54;3.469639751;97.49;1.07;92.51;2.41348296;94.94;1.53016339
4.123340358;80.435;2.638801811;97.495;1.025902042;92.44;2.272971623;94.93;1.462908063
4.135612204;80.6;2.947032406;97.485;1.020918704;92.235;2.372187809;94.855;1.634464744
4.14788405;80.115;3.409439103;97.5;1.074709263;92.21;2.272861632;95.01;1.539447953
4.160155897;80.405;3.089251527;97.495;1.096574211;92.315;2.466429606;95.1;1.61245155
4.172427743;80.015;3.587795284;97.485;1.116814667;92.45;2.344674818;94.89;1.585212919
4.184699589;80.325;3.10352622;97.475;1.112148821;92.48;2.403039742;95.105;1.589488912
4.196971436;80.01;3.004979201;97.47;1.122096253;92.535;2.205963508;94.95;1.472243186
4.209243282;80.645;2.665797254;97.37;1.094577544;92.385;2.275802056;94.975;1.736915369
4.221515128;80.305;3.104750393;97.47;1.083558951;92.31;2.501779367;95.06;1.533427533
4.233786975;80.29;3.17189218;97.405;1.023950682;92.415;2.426988875;95.025;1.540089283
4.246058821;80.27;3.124435949;97.445;1.076789209;92.565;2.2920024;94.945;1.668674624
4.258330667;80.11;3.06233571;97.495;1.052366381;92.38;2.561366823;94.99;1.689644933
4.270602513;80.51;2.94362022;97.49;1.11350797;92.29;2.523073523;94.98;1.474652501
4.28287436;80.48;3.26260632;97.435;1.143798496;92.1;2.563201124;94.945;1.587285419
4.295146206;79.94;3.216582037;97.535;1.035024154;92.405;2.493687029;94.885;1.670112272
4.307418052;79.955;2.72772341;97.48;1.029368739;92.315;2.440957804;94.9;1.676305461
4.319689899;79.645;2.948978637;97.505;1.080497571;92.045;2.403221796;94.84;1.563457706
4.331961745;79.885;3.033854809;97.445;1.053316192;92.315;2.504650674;94.795;1.629562825
4.344233591;80.19;3.097402137;97.46;1.083235893;91.995;2.351058272;95.015;1.535341981
4.356505438;79.855;3.296433679;97.48;1.201915138;92.475;2.522275758;95.035;1.622120526
4.368777284;79.755;3.180797856;97.435;1.150336907;92.38;2.405327421;95.005;1.668075238
4.38104913;79.87;3.17538974;97.475;1.044928227;92.295;2.423937912;94.995;1.657550904
4.393320977;79.89;3.178505938;97.45;1.171537451;92.465;2.314362763;94.965;1.681152878
4.405592823;80.18;2.951711368;97.39;1.123788236;92.155;2.13739912;94.95;1.611676146
4.417864669;80.33;3.045669056;97.455;1.124933331;92.195;2.20101681;94.985;1.592882607
4.430136515;80.565;3.239332493;97.41;1.123343224;92.13;2.403767876;94.91;1.599030957
4.442408362;79.84;2.872176875;97.395;1.217158576;92.17;2.37720424;94.92;1.504526504
4.454680208;80.185;3.157257512;97.395;1.11421497;92.305;2.276944224;94.84;1.66264849
4.466952054;79.88;3.137769909;97.37;1.154599498;91.975;2.568438241;94.885;1.673103404
4.479223901;80.065;2.994707832;97.355;1.208914803;91.985;2.357387325;94.835;1.565335427
4.491495747;79.67;3.00767352;97.355;1.160377094;92.27;2.32101271;94.85;1.600781059
4.503767593;79.565;3.334407744;97.395;1.202694891;92.275;2.166073637;94.875;1.595893167
4.51603944;79.82;3.059019451;97.445;1.159514985;91.995;2.502493756;94.84;1.596684064
4.528311286;79.865;3.286225038;97.39;1.156676273;92.025;2.369994726;94.94;1.651181395
4.540583132;80.035;2.965008432;97.35;1.26589889;92.21;2.433289954;94.79;1.736634677
4.552854978;79.59;3.457152007;97.42;1.228250789;92.215;2.164780589;94.9;1.565247584
4.565126825;79.555;3.124815995;97.395;1.151726964;92.065;2.104346692;94.88;1.587639758
4.577398671;79.84;3.380739564;97.365;1.185021097;92.18;2.413006424;94.92;1.522694979
4.589670517;80.315;3.276930729;97.45;1.121383075;92.05;2.473358041;94.905;1.59011792
4.601942364;80.31;3.021406957;97.35;1.207269647;92.05;2.558808316;94.955;1.478335212
4.61421421;79.89;3.150063491;97.38;1.239193286;92.195;2.348291932;94.875;1.589614733
4.626486056;79.965;3.236707432;97.355;1.247587672;92.08;2.314865007;94.845;1.760248562
4.638757903;79.82;2.95086428;97.37;1.226009788;91.925;2.224157144;94.725;1.510587634
4.651029749;79.685;3.088409785;97.36;1.214660446;92.355;2.129900232;94.735;1.675492465
4.663301595;79.73;2.947388675;97.32;1.196912695;92.005;2.268804751;94.885;1.636849107
4.675573441;79.955;3.374236951;97.375;1.233642979;91.88;2.150720809;94.93;1.692660628
4.687845288;80.035;3.201761234;97.25;1.255985669;92.05;2.340405948;94.87;1.559839735
4.700117134;79.77;2.856938921;97.345;1.20352607;92.13;2.231165615;94.74;1.652997278
4.71238898;79.885;3.083711238;97.285;1.149467268;91.99;2.412446891;94.935;1.566293395
4.724660827;79.7;3.168595904;97.36;1.226947432;91.905;2.489673673;94.74;1.772681584
4.736932673;79.89;3.12856197;97.32;1.269881884;91.96;2.338461032;94.845;1.567952487
4.749204519;79.26;2.747253174;97.325;1.241722594;92.025;2.152179128;94.74;1.52230089
4.761476366;79.825;3.201854931;97.28;1.257616794;92.1;2.256102835;94.74;1.487413863
4.773748212;79.375;3.053174577;97.3;1.240967365;91.99;2.220337812;94.755;1.569227517
4.786020058;79.6;3.165438358;97.255;1.188475915;92.05;2.08146583;94.83;1.608135566
4.798291905;79.385;3.282419077;97.3;1.226784415;91.745;2.255543172;94.78;1.456571316
4.810563751;79.365;3.438644355;97.32;1.192727966;91.955;2.318507063;94.725;1.599023139
4.822835597;79.965;2.818026792;97.245;1.320028409;91.91;2.421136097;94.655;1.567952487
4.835107443;79.855;3.309301286;97.165;1.257089893;92.04;2.267906524;94.73;1.595963659
4.84737929;79.205;3.011722929;97.185;1.178250822;92.285;2.334796565;94.85;1.669580786
4.859651136;79.865;3.302919163;97.24;1.20722823;91.96;2.181375713;94.675;1.666395811
4.871922982;79.58;2.964557303;97.26;1.23790145;91.775;2.372103497;94.675;1.603706644
4.884194829;79.995;3.443468455;97.26;1.331315139;92.005;2.304880691;94.7;1.665833125
4.896466675;79.83;3.29713512;97.225;1.342339376;91.78;2.025240726;94.67;1.552771715
4.908738521;79.33;2.99517946;97.205;1.286652634;92.12;2.228362628;94.59;1.465230357
4.921010368;79.84;3.076426498;97.225;1.298797521;91.995;2.442841583;94.845;1.585394273
4.933282214;79.505;3.205070202;97.24;1.251958466;91.95;2.173131381;94.64;1.515057755
4.94555406;79.175;3.388491552;97.21;1.245351356;91.745;2.369066272;94.665;1.67936744
4.957825906;80.05;3.15;97.23;1.316092702;91.98;2.179357704;94.675;1.468630314
4.970097753;80.05;2.829752639;97.2;1.311487705;92.14;2.258406518;94.82;1.548418548
4.982369599;79.435;3.029566801;97.185;1.314638734;92.11;2.284272313;94.625;1.623845744
4.994641445;79.52;3.537598055;97.145;1.294787627;91.77;2.25102199;94.715;1.523573103
5.006913292;79.51;3.008305171;97.195;1.27454894;92.09;2.302585503;94.815;1.65628349
5.019185138;80.06;3.42365302;97.16;1.311258937;92.005;2.281989264;94.655;1.599523367
5.031456984;79.925;2.929483743;97.18;1.273813173;91.78;2.071617725;94.59;1.696142683
5.043728831;79.695;3.523418085;97.155;1.348508435;91.665;2.410451203;94.605;1.578440686
5.056000677;79.5;3.134485604;97.19;1.232436611;91.725;2.325268802;94.79;1.620462897
5.068272523;79.23;3.123635702;97.2;1.256980509;92.045;2.277163806;94.78;1.586379526
5.080544369;79.665;3.03319551;97.175;1.24574275;91.925;2.242069357;94.69;1.66249812
5.092816216;79.445;3.560122891;97.16;1.309350984;91.835;2.613479481;94.73;1.595963659
5.105088062;79.325;3.587739539;97.105;1.261536761;91.695;2.281331848;94.705;1.584447853
5.117359908;80.23;3.353669632;97.13;1.272045597;91.725;2.563566851;94.81;1.598092613
5.129631755;80.03;3.267889227;97.185;1.264229014;91.585;2.435215596;94.6;1.501665742
5.141903601;79.545;3.18755;97.135;1.274470478;91.485;2.506446688;94.62;1.592356744
5.154175447;79.88;3.035720672;97.21;1.28681778;91.765;2.416045322;94.695;1.527898884
5.166447294;79.26;3.465169549;97.145;1.271406701;91.945;2.310730404;94.75;1.648484152
5.17871914;79.675;3.280529683;97.165;1.24107816;91.775;2.206099499;94.835;1.606323442
5.190990986;79.535;2.934497402;97.145;1.310143122;91.84;2.337605613;94.695;1.629255965
5.203262833;79.795;3.182055154;97.2;1.236931688;91.58;2.474590875;94.685;1.50109127
5.215534679;79.5;2.961418579;97.11;1.35753453;91.855;2.241980152;94.64;1.617219837
5.227806525;79.3;3.446012188;97.21;1.257338459;91.825;2.382619357;94.73;1.616199245
5.240078371;79.825;3.168891762;97.175;1.298797521;91.635;2.25039441;94.82;1.528921188
5.252350218;79.595;3.154912836;97.17;1.327064429;91.71;2.222813532;94.73;1.509006296
5.264622064;79.59;2.972692382;97.165;1.272900232;91.58;2.272355606;94.8;1.469693846
5.27689391;79.595;2.901460839;97.24;1.255945859;91.84;2.315037797;94.645;1.490461338
5.289165757;79.42;3.496941521;97.215;1.283072484;91.83;2.225106739;94.725;1.636115827
5.301437603;79.74;3.162657111;97.175;1.267625733;91.98;2.461625479;94.615;1.599773421
5.313709449;79.75;2.752725922;97.175;1.287196566;91.785;2.251949156;94.705;1.604828651
5.325981296;79.495;3.205070202;97.22;1.24563237;91.665;2.09052027;94.655;1.548701069
5.338253142;79.75;2.937260629;97.215;1.279169653;91.74;2.446916427;94.72;1.536749817
5.350524988;79.7;3.19217794;97.11;1.297266357;91.75;2.234390297;94.665;1.524885242
5.362796834;79.56;3.208800399;97.11;1.291472028;91.74;2.401541172;94.79;1.544635879
5.375068681;79.595;3.190372235;97.125;1.294942084;91.98;2.214633152;94.795;1.538010078
5.387340527;79.6;3.043024811;97.215;1.237446969;91.585;2.460746838;94.7;1.481553239
5.399612373;79.725;3.011955345;97.2;1.240967365;91.92;2.166471786;94.695;1.488111219
5.41188422;80.045;3.315188532;97.185;1.339132182;91.73;2.358410482;94.71;1.466594695
5.424156066;80.21;2.903601212;97.19;1.295723736;91.885;2.364164757;94.78;1.477024035
5.436427912;79.35;3.151586902;97.2;1.262933094;92.02;2.111776503;94.785;1.485353493
5.448699759;80.095;3.386513694;97.155;1.250389939;91.84;2.440163929;94.775;1.554630181
5.460971605;80.065;3.1746299;97.215;1.206762197;91.765;2.674373758;94.675;1.434180951
5.473243451;79.66;3.105543431;97.205;1.292468568;91.815;2.568710766;94.715;1.521931339
5.485515297;80.115;3.173212095;97.105;1.229420595;91.79;2.419896692;94.66;1.560256389
5.497787144;79.565;3.041919624;97.21;1.28681778;91.63;2.328755032;94.805;1.522982272
5.51005899;79.7;3.315116891;97.185;1.26620496;91.93;2.398978949;94.775;1.468630314
5.522330836;79.48;3.342095151;97.185;1.226081156;92.005;2.275406557;94.71;1.480168909
5.534602683;80.135;3.333807883;97.2;1.266885946;91.57;2.516962455;94.8;1.489966443
5.546874529;79.54;3.442150491;97.225;1.22346843;91.64;2.455687277;94.71;1.559134375
5.559146375;80.035;3.062070378;97.23;1.24983999;91.74;2.55683398;94.675;1.517193132
5.571418222;80.065;3.446487342;97.23;1.233734169;91.73;2.483364653;94.725;1.52048512
5.583690068;79.69;2.612259558;97.24;1.298999615;91.82;2.334009426;94.69;1.550451547
5.595961914;80.205;3.41401157;97.21;1.271180554;91.685;2.381863766;94.72;1.625299972
5.608233761;80.2;3.061862178;97.28;1.243623737;91.825;2.092098229;94.77;1.623915022
5.620505607;79.65;2.889204043;97.24;1.225724276;91.95;2.255548714;94.58;1.524335921
5.632777453;80.055;2.952875717;97.295;1.133787899;91.75;2.259977876;94.8;1.481553239
5.645049299;79.65;3.106847277;97.28;1.247637768;91.98;2.211243994;94.63;1.56623753
5.657321146;79.8;3.440203482;97.295;1.243171348;91.925;2.152179128;94.875;1.565846416
5.669592992;80.04;3.230851281;97.285;1.22117771;91.995;2.235503299;94.725;1.554630181
5.681864838;80.195;3.080499148;97.29;1.18148212;91.76;2.340384584;94.815;1.491065056
5.694136685;79.415;3.400775647;97.19;1.236486959;91.98;2.494914828;94.86;1.534731247
5.706408531;79.76;3.141241793;97.255;1.310524704;91.67;2.231837808;94.79;1.579841764
5.718680377;79.915;2.92237489;97.26;1.190546093;91.56;2.201454065;94.71;1.638871563
5.730952224;79.43;3.285589749;97.245;1.182148468;91.825;2.223032838;94.725;1.52048512
5.74322407;80.275;3.030160887;97.27;1.261784451;91.825;2.212888384;94.91;1.505622795
5.755495916;79.55;3.787809393;97.325;1.194518732;91.745;2.158118393;94.865;1.388983441
5.767767762;79.715;3.302464988;97.3;1.187434209;91.87;2.236761051;94.86;1.637192719
5.780039609;79.725;2.8726077;97.25;1.217579566;91.75;2.220923231;94.83;1.568789342
5.792311455;79.98;2.957972278;97.315;1.173999574;91.595;2.201925294;94.795;1.506809543
5.804583301;80.05;3.501071265;97.225;1.321693989;92.055;2.057784002;94.88;1.601749044
5.816855148;79.615;2.944363259;97.365;1.205933249;91.895;2.395093944;94.965;1.54151711
5.829126994;79.865;3.334557692;97.345;1.186791894;91.755;2.452034869;94.81;1.45392572
5.84139884;80.1;3.112073264;97.3;1.174734012;91.785;2.285010941;94.79;1.481856943
5.853670687;79.765;3.068757892;97.39;1.121561412;91.87;2.419318086;94.82;1.58984276
5.865942533;79.615;3.13037937;97.325;1.147551742;91.765;2.12656413;94.87;1.506021248
5.878214379;79.47;2.879947916;97.35;1.19687092;91.705;2.453665625;94.76;1.458560935
5.890486225;79.99;2.880954703;97.275;1.171270678;91.8;2.317326045;94.87;1.496028075
5.902758072;80.155;3.208344589;97.355;1.233480847;91.71;2.348595325;94.825;1.591186664
5.915029918;79.705;2.935212939;97.37;1.252237997;91.975;2.297144967;94.91;1.522136656
5.927301764;79.625;3.325939717;97.32;1.213507314;91.7;2.062765134;94.885;1.506411298
5.939573611;80.115;3.108741707;97.365;1.172294758;91.69;2.333216664;95.015;1.497422786
5.951845457;79.915;3.131337574;97.33;1.206689687;91.815;2.274483458;94.95;1.455163221
5.964117303;79.785;2.928527787;97.385;1.165879496;91.395;2.255321485;94.84;1.503130068
5.97638915;79.67;2.878558667;97.28;1.179660968;91.715;2.164780589;94.95;1.522333735
5.988660996;79.815;2.758310171;97.34;1.148651383;91.73;2.368987125;94.805;1.527898884
6.000932842;79.84;3.52269783;97.345;1.165536357;91.795;2.465861918;94.845;1.472574277
6.013204689;79.775;3.493833854;97.34;1.180847154;91.78;2.233069636;94.855;1.690110943
6.025476535;79.7;3.169384798;97.42;1.207725134;91.73;2.083770621;95.05;1.522333735
6.037748381;80.005;3.184725263;97.32;1.169444312;91.635;2.242604513;94.915;1.631034948
6.050020227;80.1;3.118493226;97.35;1.11467484;91.845;2.413187726;94.88;1.67797497
6.062292074;79.535;3.266691752;97.395;1.213043693;91.795;2.393841056;94.83;1.552771715
6.07456392;79.99;3.184320964;97.325;1.171270678;91.67;2.360317775;94.865;1.569800943
6.086835766;79.29;2.74151418;97.35;1.235920709;91.81;2.304105032;95.145;1.505481651
6.099107613;79.64;3.26885301;97.45;1.141271221;91.845;2.323461857;94.875;1.60058583
6.111379459;80.17;3.013486353;97.355;1.19853035;91.895;2.134590125;95.06;1.512084654
6.123651305;79.68;3.047556398;97.395;1.147377444;91.94;2.285038293;95.075;1.605264776
6.135923152;80.165;3.524241053;97.445;1.106559985;91.91;2.491365088;94.97;1.572927207
6.148194998;80.025;3.314645532;97.335;1.070175219;91.74;2.095805334;95.085;1.63409761
6.160466844;79.415;3.222619276;97.41;1.158404075;91.88;2.094182418;94.955;1.757974687
6.17273869;79.86;3.400794025;97.415;1.081792494;91.89;2.402685997;94.955;1.58286923
6.185010537;80.11;3.303467875;97.355;1.125377714;91.915;2.21816929;95.005;1.453435585
6.197282383;80.035;2.720528441;97.375;1.121104366;91.905;2.355520112;95.03;1.587167288
6.209554229;79.385;3.167692378;97.315;1.117262279;91.645;2.286148508;95.045;1.528226096
6.221826076;80.3;3.05122926;97.37;1.108196733;91.72;2.362541005;94.91;1.744104355
6.234097922;79.58;2.919520509;97.39;1.22592822;91.71;2.328282629;94.99;1.59996875
6.246369768;79.375;2.765298356;97.415;1.198029632;91.665;2.321696578;94.895;1.605140181
6.258641615;80.035;3.089704678;97.405;1.143885921;91.59;2.31125507;94.98;1.727599491
6.270913461;79.755;3.313227279;97.4;1.170469991;91.645;2.411736926;94.9;1.701469953
