theta;RFC;;KNN;;GNB;;SVM;
0;81.54932;0.957194598;91.3109;0.791474453;88.35693;0.906925976;87.94081;0.899949673
0.012271846;82.27219;0.958445415;91.69003;0.737500013;88.89716;0.848146175;88.65791;0.868451255
0.024543693;82.30351;1.308735004;91.68342;0.727566783;88.87583;0.897655491;88.62087;0.875691186
0.036815539;82.13072;1.104253368;91.68343;0.724396373;88.88153;0.894899944;88.60441;0.875760528
0.049087385;82.24096;1.064569133;91.65219;0.742098561;88.84624;0.911231388;88.58298;0.837232429
0.061359232;82.30838;1.094934498;91.63568;0.742336027;88.83223;0.943711946;88.54935;0.82011613
0.073631078;82.49337;1.138418628;91.61432;0.740329087;88.83055;0.947995911;88.53446;0.82870491
0.085902924;82.21627;0.998992541;91.61679;0.742388999;88.83049;0.978043521;88.53945;0.832661232
0.09817477;82.29357;1.058121177;91.6209;0.746774913;88.81412;0.962681196;88.55178;0.868674353
0.110446617;82.25978;0.996478144;91.61431;0.754682313;88.84127;0.944102165;88.53696;0.882465001
0.122718463;82.19898;1.052137168;91.60693;0.736737989;88.8536;0.963879972;88.51069;0.914346627
0.134990309;82.36595;1.20476276;91.61269;0.739671058;88.81251;0.919010288;88.52059;0.908035452
0.147262156;82.34619;1.100447579;91.61024;0.723901901;88.80346;0.907207004;88.47452;0.904878417
0.159534002;82.30921;0.934424329;91.59703;0.696963392;88.79606;0.911655372;88.43417;0.936212658
0.171805848;82.2549;1.016820805;91.59211;0.70000467;88.7771;0.938378959;88.41938;0.947925902
0.184077695;82.39801;1.157360588;91.57405;0.692915585;88.76236;0.955089687;88.39055;0.962997013
0.196349541;82.36678;1.1520954;91.56907;0.689864367;88.79278;0.942152425;88.37743;0.981277558
0.208621387;82.2862;1.051345918;91.56669;0.686226941;88.76481;0.92212064;88.36841;0.983875511
0.220893233;82.32811;1.085682384;91.5691;0.69865148;88.72859;0.912997099;88.33628;0.966463451
0.23316508;82.30837;1.141101815;91.53625;0.699739142;88.72284;0.900409915;88.32976;0.974692784
0.245436926;82.22283;1.160247784;91.53703;0.709633207;88.71795;0.914307206;88.33305;0.962591361
0.257708772;82.23189;1.262379958;91.52137;0.714569418;88.69895;0.955116834;88.30509;0.965814031
0.269980619;82.29191;1.172196205;91.50911;0.738843893;88.71462;0.936990126;88.28125;0.979549339
0.282252465;82.21217;1.143509633;91.51229;0.726528242;88.75078;0.924221527;88.25165;0.955082534
0.294524311;82.2302;1.01593989;91.50003;0.711781026;88.73844;0.900424403;88.25743;0.933667877
0.306796158;82.15298;1.259063604;91.4844;0.725127713;88.71216;0.918273899;88.23439;0.926525066
0.319068004;82.33633;1.174679123;91.45896;0.744096915;88.71061;0.935291162;88.22369;0.914615413
0.33133985;82.03539;1.165984098;91.44335;0.756190272;88.70309;0.924596886;88.21385;0.882774143
0.343611696;82.20804;1.027697309;91.44572;0.740117938;88.6982;0.893513357;88.20727;0.918767869
0.355883543;82.1949;1.13360977;91.43422;0.743257339;88.71129;0.910353165;88.18667;0.894698497
0.368155389;81.99992;1.092179341;91.39724;0.75964193;88.72038;0.913107242;88.19487;0.899729311
0.380427235;82.10116;1.104154796;91.39309;0.763020237;88.69897;0.89497263;88.20068;0.881952991
0.392699082;82.15045;1.076963123;91.39885;0.759739158;88.72034;0.895845983;88.1842;0.883424394
0.404970928;82.19655;1.200380593;91.38491;0.755272667;88.72532;0.871711442;88.20969;0.887931143
0.417242774;82.19819;1.055643687;91.36757;0.774278364;88.72615;0.832596377;88.20727;0.883317155
0.429514621;82.24016;1.206791819;91.36186;0.763630578;88.7335;0.83354367;88.24178;0.884404801
0.441786467;82.18832;1.065330417;91.35036;0.784545047;88.71956;0.870999877;88.23109;0.876297085
0.454058313;82.17188;1.096969601;91.35363;0.77603158;88.74918;0.852133644;88.26065;0.863588193
0.46633016;82.09615;1.084046054;91.36273;0.773867286;88.70969;0.886595643;88.26397;0.887024481
0.478602006;82.19325;1.160921387;91.34132;0.772186181;88.69979;0.885794054;88.26313;0.91060093
0.490873852;82.0929;1.197765557;91.3207;0.788554583;88.71456;0.87360282;88.29604;0.914087468
0.503145698;82.06744;1.182953983;91.30346;0.798627515;88.6949;0.887027514;88.35275;0.893402411
0.515417545;82.27303;1.056510203;91.30678;0.779117303;88.70398;0.869478683;88.33386;0.867214691
0.527689391;82.16611;1.088904467;91.2944;0.77951009;88.75828;0.887519826;88.33139;0.87370266
0.539961237;82.20066;1.11811979;91.26485;0.788780088;88.79278;0.886101976;88.35281;0.863206889
0.552233084;82.26972;1.121488734;91.25908;0.798968756;88.80342;0.901699653;88.37417;0.869247514
0.56450493;82.33877;1.130333472;91.23851;0.787190911;88.82228;0.880841962;88.43505;0.888536171
0.576776776;82.35362;1.151374264;91.27221;0.793494994;88.82563;0.90927209;88.44574;0.898522383
0.589048623;82.22206;1.099280518;91.28619;0.800838382;88.83549;0.935555722;88.46131;0.894572554
0.601320469;82.33722;1.1795268;91.31084;0.807814282;88.87334;0.904688081;88.51727;0.917094159
0.613592315;82.41612;1.122870084;91.34536;0.809508215;88.87254;0.885410011;88.52961;0.909865868
0.625864161;82.29931;1.09116345;91.35453;0.812776851;88.92676;0.905117088;88.57979;0.924153897
0.638136008;82.39143;1.097680265;91.35531;0.811705164;88.963;0.903506004;88.58966;0.93478617
0.650407854;82.375;1.147892695;91.37339;0.809694842;88.94897;0.875658911;88.6283;0.931807786
0.6626797;82.38978;1.168113963;91.4096;0.79362941;88.95311;0.837146509;88.62904;0.929131325
0.674951547;82.46956;1.227950751;91.41123;0.790224599;88.97364;0.826171562;88.62579;0.944670771
0.687223393;82.44815;1.130572;91.41369;0.798627331;89.00079;0.854981114;88.63564;0.962746213
0.699495239;82.51478;1.120417668;91.41119;0.800147108;89.0181;0.879185811;88.65051;0.977182936
0.711767086;82.36511;1.047155842;91.44001;0.791241347;89.05181;0.871510754;88.69738;0.965089268
0.724038932;82.48272;1.115642838;91.43837;0.789112104;89.0896;0.865697153;88.72363;0.959420801
0.736310778;82.36264;1.192029928;91.44826;0.783511501;89.11107;0.871411318;88.74669;0.938971711
0.748582624;82.35447;1.090757072;91.47373;0.778438371;89.09619;0.889386797;88.78126;0.969543703
0.760854471;82.47203;1.169387741;91.47699;0.781866184;89.10355;0.901021813;88.78536;0.950900242
0.773126317;82.4852;1.124847679;91.47705;0.777948396;89.0773;0.913113985;88.82073;0.944252189
0.785398163;82.56992;1.029655056;91.48115;0.789060585;89.0978;0.884298796;88.85936;0.949993363
0.79767001;82.62257;1.140012397;91.50081;0.772807695;89.09038;0.837585945;88.88975;0.995891976
0.809941856;82.68174;1.236073271;91.51478;0.770801045;89.11759;0.85143795;88.93011;1.024249929
0.822213702;82.65788;1.160355224;91.55103;0.78376913;89.15294;0.884415387;88.95969;1.019724754
0.834485549;82.71296;1.157296461;91.57073;0.796391033;89.16943;0.9328476;88.9877;0.99396435
0.846757395;82.67267;1.15688818;91.58393;0.802443035;89.17267;0.908101471;89.0222;0.981419146
0.859029241;82.68419;1.177186465;91.61265;0.815390463;89.17267;0.903711614;89.05664;0.971747411
0.871301088;82.66112;1.09790427;91.63077;0.817350413;89.16035;0.912632482;89.08552;0.969655243
0.883572934;82.78699;1.222312885;91.6612;0.802014189;89.15792;0.91320177;89.12167;0.967076192
0.89584478;82.75985;1.23032422;91.70237;0.805385419;89.15462;0.914474634;89.11675;0.952718598
0.908116626;82.79521;1.15872002;91.71793;0.812772542;89.13075;0.914070658;89.16609;0.95176307
0.920388473;82.69981;1.07052513;91.72208;0.794478403;89.12583;0.906854443;89.19896;0.942470582
0.932660319;82.65952;1.073128459;91.73193;0.798741588;89.12744;0.922049416;89.21302;0.947394437
0.944932165;82.76724;1.078755571;91.72945;0.785932343;89.16199;0.936375464;89.22775;0.961516088
0.957204012;82.89471;1.083610726;91.74511;0.789578203;89.19154;0.918796914;89.26724;0.934306172
0.969475858;82.7919;1.098229571;91.74673;0.796649344;89.21054;0.905286755;89.30673;0.918887565
0.981747704;82.81414;1.111427137;91.74506;0.789639523;89.21712;0.913801732;89.32322;0.896088585
0.994019551;82.85604;1.057259901;91.74015;0.779857966;89.24254;0.950462145;89.37005;0.873622119
1.006291397;82.84617;1.083339892;91.73359;0.785604215;89.24258;0.946439604;89.34705;0.887467637
1.018563243;82.84125;1.074397974;91.73113;0.785664784;89.25162;0.952706605;89.3207;0.874628933
1.030835089;82.68008;1.07032164;91.72948;0.770390764;89.23354;0.931586812;89.3018;0.857404094
1.043106936;82.6826;1.248467268;91.75493;0.760373412;89.2146;0.945755074;89.30098;0.863302195
1.055378782;82.74256;1.15862852;91.76234;0.754146859;89.20147;0.972106779;89.31746;0.876522235
1.067650628;82.79604;1.123276884;91.75988;0.767928282;89.17762;0.955757844;89.3339;0.842278131
1.079922475;82.64395;1.094060605;91.75738;0.747861401;89.15456;0.914953674;89.34044;0.884904789
1.092194321;82.76393;1.129603694;91.76812;0.716624815;89.14714;0.908536813;89.32398;0.91770468
1.104466167;82.77711;1.091406459;91.76889;0.731088612;89.14307;0.885272006;89.30507;0.934593101
1.116738014;82.75329;1.080198068;91.76818;0.730614774;89.13736;0.883856227;89.2993;0.919415363
1.12900986;82.74667;1.082364884;91.7657;0.71642583;89.13977;0.887113069;89.29027;0.924723352
1.141281706;82.67767;1.112636617;91.74922;0.717073909;89.08635;0.877674317;89.27385;0.890335076
1.153553552;82.68583;1.018512033;91.73768;0.699718542;89.08474;0.889359563;89.25407;0.909166478
1.165825399;82.57729;1.068642993;91.72287;0.704325531;89.10107;0.907486631;89.24013;0.885571055
1.178097245;82.83137;1.089379361;91.73355;0.706357068;89.10276;0.874551578;89.20638;0.891138954
1.190369091;82.6891;1.082313619;91.68671;0.708219377;89.07318;0.898728695;89.16358;0.899388572
1.202640938;82.55343;1.064409172;91.6826;0.694671923;89.02958;0.916143277;89.17762;0.892772309
1.214912784;82.56241;1.011997037;91.67266;0.688102932;89.00322;0.903064401;89.16199;0.91808156
1.22718463;82.64882;1.096582613;91.65213;0.704584099;89.00899;0.888789283;89.1472;0.904860254
1.239456477;82.57319;1.074353626;91.62664;0.718641601;88.98688;0.904369087;89.13233;0.910923631
1.251728323;82.61509;1.083836594;91.60695;0.732412471;88.96055;0.939654781;89.12252;0.909069706
1.264000169;82.56826;1.044383441;91.5666;0.731323089;88.93423;0.884118045;89.07313;0.893571392
1.276272016;82.52216;1.132035942;91.55762;0.729774921;88.9087;0.88603145;89.04112;0.884872254
1.288543862;82.50083;0.984173552;91.54765;0.733833651;88.91369;0.892605576;89.04444;0.860893214
1.300815708;82.42846;1.092544246;91.52797;0.727480865;88.88566;0.919048478;89.05266;0.865851006
1.313087554;82.42184;1.079480094;91.51318;0.733885596;88.84782;0.939077179;89.0304;0.850082078
1.325359401;82.13738;1.051013357;91.49921;0.727673104;88.72689;0.964802891;88.93416;0.847150066
1.337631247;82.22855;1.083744217;91.4753;0.743199132;88.69652;0.886887642;88.87827;0.844288349
1.349903093;82.11842;1.178470748;91.45152;0.738346009;88.66772;0.932768129;88.82977;0.862616854
1.36217494;82.11425;1.053412012;91.4466;0.73634352;88.67433;0.922854084;88.79439;0.855027998
1.374446786;82.12742;1.052223989;91.42601;0.731198913;88.64883;0.928965597;88.76886;0.857629407
1.386718632;82.09626;1.104293445;91.39557;0.734500555;88.65456;0.891802728;88.74507;0.856696075
1.398990479;82.17275;1.066128992;91.38731;0.725894258;88.63073;0.898860577;88.73766;0.868161462
1.411262325;81.86758;1.089558701;91.3635;0.724541034;88.63981;0.884897652;88.73023;0.866946421
1.423534171;82.13985;1.033161646;91.31741;0.731417051;88.59616;0.891790611;88.71957;0.868451614
1.435806017;82.00001;1.004450044;91.27711;0.727101381;88.62413;0.906527657;88.68088;0.851103499
1.448077864;81.86264;1.104060239;91.24507;0.713102745;88.62502;0.895175547;88.65206;0.869612268
1.46034971;82.01559;1.189687245;91.20476;0.701642261;88.60031;0.907670642;88.61841;0.891776038
1.472621556;81.79113;1.157264478;91.17762;0.711759605;88.56249;0.878570378;88.59788;0.860089231
1.484893403;81.77633;1.08167387;91.15706;0.736173007;88.54194;0.893554652;88.57973;0.85602904
1.497165249;81.92273;1.003884683;91.14971;0.750552121;88.50001;0.900317494;88.58471;0.850912431
1.509437095;81.91775;1.031923315;91.12176;0.745009263;88.46213;0.891226511;88.56571;0.860642089
1.521708942;81.92103;1.072033017;91.08309;0.765934633;88.43668;0.908083343;88.54277;0.859979638
1.533980788;81.90951;1.052687841;91.06253;0.770224207;88.4046;0.927105452;88.51644;0.843917346
1.546252634;81.46054;1.15723749;90.93921;0.773276423;88.23844;0.980761615;88.24257;0.953123573
1.55852448;80.94985;1.133849173;90.83881;0.720356824;87.78457;0.952295755;87.58224;0.949544787
1.570796327;80.47785;1.129921284;90.76069;0.729200997;87.33469;0.953164883;87.12664;1.062985565
1.583068173;80.90625;1.157285508;90.79525;0.734036244;87.73849;0.936721106;87.51722;0.933968592
1.595340019;81.30097;1.038649445;90.87994;0.788572544;88.2483;0.968027608;88.14307;0.953509803
1.607611866;81.62172;1.030645119;90.95064;0.748965307;88.27222;0.906428327;88.42191;0.835485932
1.619883712;81.46545;1.228998034;90.93012;0.758947499;88.27633;0.946974879;88.42842;0.845782835
1.632155558;81.61344;1.23678363;90.93998;0.758483698;88.27051;0.894041694;88.41111;0.87324181
1.644427405;81.69239;1.065093347;90.91944;0.761285798;88.28698;0.908954531;88.36343;0.86829979
1.656699251;81.43503;1.053460312;90.90874;0.762461128;88.27713;0.954161744;88.33545;0.873458086
1.668971097;81.5222;1.100638851;90.90294;0.776116059;88.26404;0.948052719;88.31415;0.854392127
1.681242944;81.56331;1.070719223;90.90295;0.773396824;88.24419;0.968285306;88.31819;0.863679787
1.69351479;81.54521;1.153459495;90.9202;0.757300244;88.19901;0.979751882;88.31908;0.83626896
1.705786636;81.52796;1.165842416;90.91203;0.755377514;88.19247;0.990300131;88.30761;0.828111151
1.718058482;81.44571;1.154361575;90.90708;0.772111426;88.18094;0.988046667;88.30098;0.863589914
1.730330329;81.57973;1.051259909;90.88571;0.757539706;88.14635;0.995761592;88.27872;0.868342756
1.742602175;81.44493;1.137027117;90.8824;0.764345589;88.15212;1.000691654;88.26314;0.875616229
1.754874021;81.40127;1.106074851;90.86513;0.772072829;88.13734;1.004380488;88.24754;0.880575805
1.767145868;81.46052;1.170210583;90.84627;0.759206742;88.14392;1.007337507;88.2377;0.875932172
1.779417714;81.47371;1.227773271;90.84381;0.765623742;88.11677;0.989970685;88.24178;0.86649003
1.79168956;81.55921;1.096949473;90.88488;0.72900261;88.08796;1.016988849;88.29932;0.865050783
1.803961407;81.37666;1.138649465;90.90299;0.729315947;88.10448;1.021301801;88.33552;0.869816285
1.816233253;81.39719;1.010415416;90.89556;0.72496759;88.05345;1.004968431;88.30838;0.876624889
1.828505099;81.37172;1.199981217;90.88898;0.726900997;88.05593;1.018452417;88.2993;0.859937131
1.840776945;81.5847;1.01858842;90.86272;0.705535897;88.06905;1.008899781;88.27302;0.844481296
1.853048792;81.50246;1.172241148;90.86022;0.70527689;88.07478;0.994390171;88.25572;0.826365138
1.865320638;81.53784;1.128685738;90.85854;0.700755869;88.06329;0.985005749;88.27549;0.83090012
1.877592484;81.47374;1.143911051;90.85196;0.710132578;88.0847;0.969147713;88.2656;0.841310204
1.889864331;81.51725;1.097377523;90.85278;0.7028162;88.08304;0.972144145;88.25991;0.846212043
1.902136177;81.56329;1.099474868;90.85858;0.710094517;88.08141;0.994476054;88.25331;0.867289152
1.914408023;81.5049;1.194581563;90.84542;0.695815107;88.09125;0.970426395;88.27217;0.876434003
1.92667987;81.48196;1.124676219;90.83639;0.716056435;88.10116;0.937428224;88.26561;0.876483667
1.938951716;81.49183;1.0874222;90.8421;0.714682216;88.10935;0.925425938;88.25823;0.855094215
1.951223562;81.57646;1.125747586;90.82483;0.726435132;88.10528;0.91983154;88.2467;0.8698144
1.963495408;81.56417;1.141605265;90.82732;0.737967369;88.10437;0.911666075;88.23104;0.873007616
1.975767255;81.51974;1.082167765;90.82978;0.728788921;88.10438;0.92982297;88.26314;0.875350342
1.988039101;81.34704;1.105634867;90.8248;0.741775303;88.11676;0.934792524;88.25328;0.865042162
2.000310947;81.56493;1.199059717;90.83391;0.745350348;88.12745;0.901550103;88.24503;0.840910631
2.012582794;81.60936;1.014004236;90.83062;0.743272087;88.12996;0.90892773;88.25655;0.87842925
2.02485464;81.55592;1.107452163;90.84706;0.74056408;88.1217;0.923104777;88.23516;0.892542948
2.037126486;81.62829;1.255748329;90.84952;0.746905101;88.09866;0.934572161;88.22937;0.87290337
2.049398333;81.60116;1.130884519;90.83556;0.743326797;88.12991;0.956673603;88.22289;0.879730889
2.061670179;81.60201;1.123673391;90.82156;0.736327499;88.10528;0.955301377;88.24175;0.890913008
2.073942025;81.34864;1.139677547;90.82238;0.734457729;88.13235;0.943235118;88.23026;0.8636529
2.086213872;81.52795;1.166656028;90.82071;0.727613445;88.11263;0.967848032;88.2204;0.85049535
2.098485718;81.55345;1.177096303;90.81985;0.734296022;88.10937;0.961222832;88.20398;0.845783305
2.110757564;81.60282;1.204679695;90.80837;0.733997175;88.08061;0.953042705;88.17598;0.865440639
2.12302941;81.53454;1.095966947;90.80673;0.716124889;88.0946;0.941104766;88.15542;0.846855787
2.135301257;81.62011;1.099664321;90.8125;0.711358088;88.07567;0.959201502;88.12501;0.845878709
2.147573103;81.64802;1.124039109;90.81413;0.710048092;88.06828;0.964679927;88.1176;0.869488309
2.159844949;81.51567;1.058954542;90.82563;0.703566353;88.06085;0.96399044;88.10934;0.855745899
2.172116796;81.43999;1.102885357;90.8043;0.707385065;88.04107;0.992526566;88.10035;0.856828307
2.184388642;81.48522;1.152978695;90.79772;0.70589675;88.00654;0.991558606;88.11837;0.869493596
2.196660488;81.46053;1.133202898;90.79606;0.703950436;88.00899;0.993184862;88.10527;0.88281648
2.208932335;81.62989;1.120833787;90.78537;0.705821389;88.03619;0.974659681;88.09539;0.888544021
2.221204181;81.50247;1.136815873;90.77551;0.714161613;88.03449;0.99238879;88.10612;0.907296404
2.233476027;81.23356;1.173190192;90.77631;0.724445218;88.03371;0.968454349;88.09625;0.90556575
2.245747873;81.35445;1.060584192;90.7689;0.714715391;88.04778;0.98223453;88.06827;0.927362581
2.25801972;81.45477;1.198990958;90.76157;0.703059475;88.05505;0.975565829;88.04767;0.937779602
2.270291566;81.44654;1.075942437;90.74671;0.677137937;88.04356;0.971056685;88.04441;0.951125103
2.282563412;81.41365;1.013832968;90.74097;0.672168051;88.04193;0.996834041;88.03207;0.978406002
2.294835259;81.38407;1.157942376;90.71132;0.671685014;88.03205;0.987134402;87.97043;0.952790074
2.307107105;81.2656;0.985836193;90.6957;0.670123578;88.03863;0.969137376;87.9523;0.957906159
2.319378951;81.33471;0.998202077;90.6899;0.671807242;88.04684;0.941255021;87.94408;0.964225043
2.331650798;81.43584;1.149105893;90.67841;0.672536677;88.04188;0.938921363;87.94658;0.997337247
2.343922644;81.29519;1.213997238;90.64884;0.661283294;88.01645;0.914175337;87.90299;1.003514838
2.35619449;81.44741;1.15226379;90.64552;0.670928558;88.03704;0.922851656;87.86835;0.998654969
2.368466337;81.23359;1.074488986;90.64309;0.672953076;88.02629;0.94110326;87.8602;0.988774504
2.380738183;81.24261;1.135955614;90.63733;0.681336511;88.03037;0.891757923;87.85773;0.965637498
2.393010029;81.29768;1.03495507;90.61103;0.679475525;88.02965;0.902843579;87.87828;0.950702162
2.405281875;81.25572;1.102774302;90.59788;0.680056355;88.05506;0.893429145;87.87418;0.945251928
2.417553722;81.3281;1.02454323;90.58142;0.686495363;88.04442;0.930146625;87.86018;0.933392376
2.429825568;81.1858;1.022892389;90.57978;0.682921937;88.06171;0.926122673;87.82728;0.92213035
2.442097414;81.16936;1.066917837;90.57075;0.678640308;88.04773;0.914991157;87.81415;0.887563129
2.454369261;81.19496;0.996954482;90.57149;0.677728389;88.04444;0.879213607;87.80342;0.908179797
2.466641107;81.06994;1.136357768;90.55754;0.680297015;88.03617;0.883263268;87.80262;0.907589883
2.478912953;81.03043;1.118717724;90.55594;0.684673788;88.03533;0.910758937;87.81334;0.92130054
2.4911848;81.19988;1.011590246;90.54364;0.685923983;88.05835;0.901978396;87.80016;0.8771896
2.503456646;81.30182;0.960808559;90.51892;0.682862441;88.09626;0.909731275;87.78946;0.882538876
2.515728492;81.20805;1.038582249;90.51065;0.688206108;88.12501;0.922031957;87.80429;0.870652138
2.528000338;80.92766;1.001473147;90.49999;0.702383492;88.15297;0.9265132;87.82895;0.86330345
2.540272185;81.10199;1.104954836;90.50738;0.689764739;88.1628;0.950256113;87.85115;0.879614886
2.552544031;81.12585;1.133465177;90.51317;0.696651836;88.16688;0.940856166;87.85279;0.889993655
2.564815877;81.15786;1.180525866;90.49585;0.687111074;88.17351;0.9642102;87.88162;0.860316276
2.577087724;81.04606;1.034361956;90.50491;0.686429138;88.21134;0.945142542;87.9112;0.851168444
2.58935957;81.065;1.151115641;90.51559;0.702675246;88.2056;0.945556535;87.91359;0.87057774
2.601631416;81.12501;1.041698973;90.51563;0.709267251;88.22777;0.963597352;87.9169;0.837218365
2.613903263;81.15702;1.054466225;90.50825;0.713057787;88.23353;0.983034012;87.94897;0.830750016
2.626175109;81.15379;1.02068637;90.49257;0.718791155;88.24014;1.009987782;87.95889;0.850897172
2.638446955;81.12093;1.108148494;90.4663;0.716191825;88.2303;1.017599533;87.94573;0.831173867
2.650718801;80.93337;1.014380773;90.45481;0.722670156;88.22536;1.004821641;87.94821;0.835354575
2.662990648;81.0543;0.971916884;90.46711;0.720364864;88.24509;0.977110097;87.91943;0.849415732
2.675262494;81.01479;1.172123793;90.44324;0.72522001;88.26478;0.981442098;87.93581;0.856730829
2.68753434;81.0888;1.055749156;90.42848;0.715295107;88.26725;0.964585946;87.91283;0.866021363
2.699806187;81.07977;1.094910726;90.43756;0.715010452;88.30255;0.943940214;87.94243;0.858103015
2.712078033;81.10692;1.127819477;90.42519;0.707903859;88.30837;0.950512942;87.94407;0.880152921
2.724349879;80.9112;1.044660883;90.43913;0.694448251;88.30921;0.965703332;87.95151;0.890809065
2.736621726;81.13485;1.144032809;90.43995;0.701606576;88.34782;0.966413197;87.97363;0.862841001
2.748893572;81.07239;1.088015027;90.43745;0.712481766;88.3939;0.96688429;87.98933;0.84751498
2.761165418;81.13565;1.089502477;90.42681;0.69905686;88.43996;0.935640218;88.01649;0.867514939
2.773437265;81.03287;1.095697893;90.41202;0.679444538;88.46956;0.906713828;87.99179;0.891482533
2.785709111;80.99179;1.138211169;90.42515;0.668103111;88.47202;0.881392046;87.96131;0.903103546
2.797980957;81.0699;1.149051509;90.41861;0.659257793;88.53618;0.882767743;87.93584;0.914962357
2.810252803;81.0822;1.110493386;90.39639;0.657223948;88.5469;0.865985502;87.93171;0.903905717
2.82252465;81.06255;1.153969067;90.3898;0.664356124;88.55262;0.892120909;87.94987;0.903671175
2.834796496;81.1061;1.077735158;90.4029;0.651964102;88.583;0.925230728;87.90953;0.884888156
2.847068342;81.02385;1.007814461;90.41447;0.650199776;88.63404;0.90938688;87.93339;0.892297225
2.859340189;80.94741;0.975027026;90.40956;0.686344656;88.65128;0.883016524;87.93917;0.902234859
2.871612035;80.87501;1.193794048;90.44073;0.697520019;88.69161;0.845768324;87.92271;0.908469155
2.883883881;80.93424;1.054775304;90.47615;0.709123704;88.70471;0.874427622;87.90705;0.943864899
2.896155728;81.11677;1.149822463;90.48849;0.721931749;88.74345;0.860501986;87.88815;0.954793448
2.908427574;80.96709;1.200729762;90.51152;0.723813242;88.78781;0.846984093;87.90952;0.914121234
2.92069942;80.90133;1.215481847;90.51559;0.726014519;88.80008;0.84001296;87.8906;0.921305769
2.932971266;81.00738;1.122879199;90.55841;0.737118486;88.83061;0.827330634;87.91358;0.910571185
2.945243113;80.86931;1.003638079;90.59866;0.746381058;88.81659;0.799943712;87.93744;0.924267973
2.957514959;80.90132;1.124950825;90.64717;0.721422679;88.82231;0.830615611;87.89059;0.87652846
2.969786805;80.85524;1.232272471;90.68422;0.737385728;88.85116;0.829589654;87.90541;0.886984172
2.982058652;81.07402;1.177894078;90.7278;0.762157189;88.82894;0.902654439;87.89967;0.885876606
2.994330498;80.80921;1.143219054;90.77716;0.74560355;88.84786;0.89514047;87.84788;0.917459365
3.006602344;80.8133;1.156407899;90.79273;0.718228806;88.87824;0.876265429;87.82646;0.907481112
3.018874191;80.88902;1.090739428;90.83554;0.731429961;88.89963;0.93424003;87.75413;0.888076198
3.031146037;80.86264;1.133149483;90.8364;0.710087755;88.88732;0.912042969;87.69653;0.926133905
3.043417883;80.60034;1.070506032;90.838;0.715795795;88.88728;0.949062633;87.68014;0.892627885
3.055689729;80.78201;1.030018043;90.80921;0.736599773;88.87087;0.939110703;87.6431;0.929579244
3.067961576;80.50823;1.215227582;90.82984;0.741604783;88.79678;0.892676196;87.64391;0.912504467
3.080233422;80.5025;1.291305661;90.83804;0.737162586;88.73764;0.889083005;87.59866;0.920991826
3.092505268;80.52801;1.167170626;90.78204;0.713768098;88.74336;0.894440088;87.56084;0.913369539
3.104777115;80.41123;1.169993939;90.75904;0.724771977;88.69821;0.936244886;87.59129;0.96386406
3.117048961;80.47536;1.064562319;90.76644;0.746111564;88.66608;0.939689775;87.477;0.985139696
3.129320807;80.24421;1.164818744;90.72281;0.755873186;88.6102;0.924116324;87.42925;0.958248458
3.141592654;80.06909;1.21436712;90.45643;0.842210202;88.11512;0.926947984;86.79275;0.948797601
3.1538645;80.16037;1.155686659;90.7352;0.762824855;88.50821;0.902275128;87.39638;1.01598863
3.166136346;80.15951;1.152943793;90.72042;0.768543846;88.56167;0.918715648;87.52139;0.984981207
3.178408193;80.17843;1.11106316;90.68253;0.763961995;88.64723;0.915744002;87.52795;1.010345509
3.190680039;80.17269;1.080712864;90.6784;0.771424371;88.66365;0.91140617;87.55183;1.002245918
3.202951885;80.25082;1.110656008;90.65131;0.811698327;88.65537;0.917736908;87.53366;0.983289014
3.215223731;80.14067;1.175954047;90.65543;0.790069418;88.65701;0.921987858;87.49832;0.954580137
3.227495578;80.16037;1.14390925;90.62006;0.79740618;88.65049;0.896504105;87.49344;0.945595847
3.239767424;80.29194;1.132343921;90.61843;0.806413508;88.67762;0.887936808;87.48354;0.924952728
3.25203927;80.21217;1.190704893;90.59781;0.801087532;88.67929;0.90863947;87.48931;0.896813578
3.264311117;80.29606;1.238037494;90.61513;0.803648041;88.71628;0.887233544;87.49428;0.926679072
3.276582963;80.17275;1.129349223;90.5946;0.793310431;88.70719;0.898290584;87.50082;0.934295354
3.288854809;80.16774;1.12463223;90.58561;0.784166053;88.69733;0.900250421;87.52136;0.920739133
3.301126656;80.33139;1.338508565;90.58229;0.788001679;88.72371;0.895708739;87.50576;0.921339971
3.313398502;80.18915;1.134239705;90.53868;0.821080628;88.71873;0.900279366;87.5444;0.907369759
3.325670348;80.35689;1.045836516;90.52141;0.815142823;88.7072;0.877950431;87.52796;0.91819158
3.337942194;80.31088;1.079689977;90.52548;0.805981495;88.70642;0.8744578;87.51232;0.980863567
3.350214041;80.26729;1.130516327;90.53614;0.820387787;88.68504;0.896489207;87.50982;0.984621474
3.362485887;80.29281;1.082079671;90.53372;0.815273366;88.70641;0.884694129;87.51731;0.954667751
3.374757733;80.50744;1.152197972;90.53372;0.814748085;88.72206;0.881362262;87.50492;0.95217789
3.38702958;80.5082;1.152805586;90.50246;0.81750773;88.69324;0.878965166;87.52464;0.923324337
3.399301426;80.38572;1.057998347;90.51318;0.834082459;88.67921;0.868628785;87.53952;0.959031756
3.411573272;80.54438;1.068342153;90.53788;0.845653502;88.639;0.858684529;87.53293;0.944740401
3.423845119;80.41119;1.080442851;90.57315;0.845205979;88.62668;0.876249837;87.48198;0.930449912
3.436116965;80.48685;1.045118485;90.58468;0.842598112;88.61845;0.837528034;87.46628;0.962105837
3.448388811;80.32316;1.108174442;90.58554;0.82711331;88.60688;0.851997362;87.47782;0.982974408
3.460660657;80.44244;1.189561947;90.61018;0.828400632;88.62005;0.851666183;87.51559;0.968060526
3.472932504;80.57896;1.112819221;90.62824;0.835552609;88.63816;0.877026302;87.53704;0.959670953
3.48520435;80.5189;1.136802679;90.64471;0.813550199;88.65709;0.842843866;87.55506;0.9453874
3.497476196;80.60938;1.103536694;90.68007;0.802573975;88.68828;0.847980921;87.59706;0.936988792
3.509748043;80.66532;1.16630904;90.69656;0.797362331;88.68415;0.862513749;87.62832;0.921275072
3.522019889;80.63574;1.128650385;90.70479;0.818648487;88.73105;0.854736572;87.65048;0.920147341
3.534291735;80.6982;1.135427849;90.72121;0.811695254;88.73929;0.785338568;87.69488;0.915511357
3.546563582;80.76978;1.097619138;90.75907;0.815873841;88.74916;0.779979522;87.74997;0.927625145
3.558835428;80.74174;1.084328019;90.76895;0.837359975;88.75492;0.743542557;87.80757;0.892858334
3.571107274;80.83961;1.113617384;90.80018;0.81768827;88.76147;0.751687454;87.83062;0.866905759
3.583379121;80.75742;1.163675592;90.81745;0.820549857;88.75488;0.751768372;87.84706;0.884104471
3.595650967;80.99014;1.275176717;90.84787;0.814747736;88.78699;0.76830971;87.86518;0.878113425
3.607922813;80.96629;1.00285066;90.87908;0.816590799;88.76228;0.779589842;87.89722;0.859004442
3.620194659;80.98195;1.076939101;90.92265;0.817581646;88.75733;0.78188127;87.93342;0.843747441
3.632466506;80.97612;1.101040683;90.92761;0.810255823;88.76483;0.798950487;87.963;0.853710279
3.644738352;81.21298;1.179253993;90.93175;0.803292218;88.79109;0.817902294;87.97781;0.855854248
3.657010198;81.23602;1.153543462;90.97284;0.802928063;88.80592;0.819023964;88.00818;0.822274788
3.669282045;81.24913;1.087862994;91.00246;0.799183101;88.79279;0.846212294;88.04441;0.810960284
3.681553891;81.32149;1.141056988;91.02881;0.810382523;88.79438;0.840949033;88.05921;0.822528763
3.693825737;81.19738;1.081686616;91.04359;0.805781001;88.81004;0.84350125;88.07482;0.862797037
3.706097584;81.34295;1.034982902;91.07647;0.786210499;88.8544;0.878570168;88.08139;0.872685784
3.71836943;81.45227;1.04205541;91.08382;0.805479589;88.8684;0.887176093;88.07813;0.866861196
3.730641276;81.28621;1.132380919;91.09287;0.803053219;88.89722;0.884987408;88.11925;0.853510309
3.742913122;81.46467;1.045215318;91.11348;0.785172217;88.9309;0.863918706;88.16941;0.850299395
3.755184969;81.51402;1.036876569;91.13237;0.770026411;88.94894;0.83140096;88.20227;0.864706052
3.767456815;81.52139;1.142842079;91.15793;0.773243018;88.94735;0.824122204;88.2286;0.862085483
3.779728661;81.5337;1.152687941;91.17435;0.771417078;88.97533;0.843898241;88.26474;0.859305506
3.792000508;81.83058;1.230834994;91.16782;0.749212258;88.94813;0.869029662;88.28538;0.900347075
3.804272354;81.56248;1.069246094;91.19899;0.758030006;88.98276;0.856624236;88.28619;0.906294463
3.8165442;81.54029;1.181188379;91.18336;0.768838351;88.97948;0.86921946;88.32153;0.937135939
3.828816047;81.66115;1.124643289;91.1842;0.760656821;89.00325;0.855544685;88.3166;0.928384737
3.841087893;81.60033;1.147565066;91.19244;0.769073109;88.98109;0.872180854;88.31744;0.906578847
3.853359739;81.65047;1.277843922;91.18918;0.755984092;88.99502;0.861096371;88.31085;0.872374442
3.865631585;81.60031;1.170852567;91.19903;0.755097218;89.00821;0.877521251;88.31743;0.892228303
3.877903432;81.82974;1.101024438;91.20149;0.750018713;89.02219;0.880363774;88.3273;0.886573387
3.890175278;81.74671;1.072939451;91.21958;0.748849654;89.01891;0.867236255;88.33389;0.892231538
3.902447124;81.71873;1.063956971;91.21792;0.75244917;89.02628;0.880350136;88.35031;0.881532719
3.914718971;81.77877;1.075344353;91.22371;0.757811247;89.03867;0.875293883;88.3495;0.894844439
3.926990817;81.74351;1.104398682;91.23194;0.751368096;89.03204;0.883970395;88.33221;0.895069364
3.939262663;81.8446;1.061014392;91.25251;0.747933239;89.01645;0.897024686;88.35195;0.878025152
3.95153451;81.88893;1.054106714;91.26401;0.757485148;89.00577;0.901003406;88.36676;0.908976261
3.963806356;81.93588;1.173155704;91.2853;0.753600418;89.02628;0.897627919;88.38312;0.927404715
3.976078202;81.98273;1.087650586;91.30179;0.754075677;89.0411;0.889973342;88.36598;0.92157667
3.988350049;81.95475;1.146767129;91.3043;0.737437733;89.05262;0.889147949;88.34947;0.916481243
4.000621895;81.96135;1.179640779;91.3068;0.734758899;89.04356;0.884416614;88.34625;0.926363691
4.012893741;82.02876;1.128597733;91.31417;0.741841561;89.065;0.896676831;88.34376;0.948658675
4.025165587;82.02792;0.987852516;91.32076;0.747244794;89.06002;0.907831074;88.34948;0.959536195
4.037437434;82.02472;1.15129072;91.34043;0.743475006;89.04765;0.912410537;88.37748;0.96458773
4.04970928;81.93997;0.987355037;91.35116;0.734823172;89.03618;0.896359441;88.37335;0.97973259
4.061981126;82.03702;1.215726153;91.36763;0.729216095;89.09452;0.878431448;88.37495;0.976958498
4.074252973;82.06992;1.119162657;91.38237;0.745847192;89.10687;0.873869151;88.37172;0.974200863
4.086524819;82.06741;1.064998912;91.37669;0.741853822;89.1143;0.857372527;88.37086;0.981560645
4.098796665;82.10606;1.098251345;91.39721;0.746767156;89.11179;0.867627204;88.3824;0.974830221
4.111068512;82.00326;1.171882243;91.4087;0.750087175;89.111;0.871204477;88.37416;0.966003848
4.123340358;82.12424;1.253402043;91.4071;0.767823398;89.11591;0.863675669;88.40378;0.954498524
4.135612204;82.10112;1.028447464;91.41697;0.76708828;89.12414;0.855955093;88.42268;0.932257871
4.14788405;82.16774;1.001725577;91.44002;0.765910438;89.10764;0.865804534;88.43089;0.916877984
4.160155897;82.22366;1.018148027;91.44735;0.763603619;89.09121;0.850978358;88.44242;0.929328383
4.172427743;82.19076;1.11186895;91.46877;0.765620021;89.09455;0.84647532;88.46296;0.937948324
4.184699589;82.1423;1.118133708;91.47202;0.753182116;89.08216;0.838631167;88.46382;0.948728595
4.196971436;82.12904;1.021664523;91.49018;0.743847046;89.08136;0.849459128;88.44903;0.967093764
4.209243282;82.13732;1.07812911;91.48854;0.737065851;89.08055;0.868950129;88.46134;0.942446892
4.221515128;82.37335;1.001356733;91.4795;0.750333746;89.11182;0.853662526;88.43999;0.942028179
4.233786975;82.21136;0.967313512;91.49345;0.742729767;89.09864;0.870885624;88.43418;0.932972158
4.246058821;82.14309;1.101644045;91.50578;0.735411308;89.11014;0.876337641;88.43093;0.925061039
4.258330667;82.01894;1.089014883;91.50249;0.729819519;89.10112;0.861664323;88.43423;0.947894919
4.270602513;82.00161;1.037418603;91.5099;0.735101578;89.07813;0.865229989;88.43914;0.936682956
4.28287436;82.20799;1.064629536;91.50419;0.728149458;89.05343;0.887104687;88.43586;0.943004422
4.295146206;82.287;1.056091104;91.5107;0.720781014;89.07234;0.897156042;88.46629;0.95561751
4.307418052;82.12419;1.01090751;91.52554;0.733474736;89.06655;0.890488724;88.45806;0.971145425
4.319689899;82.25573;1.079160376;91.53623;0.741130351;89.05837;0.871788732;88.47041;0.980170772
4.331961745;82.2245;1.081959634;91.56258;0.750857725;89.07235;0.869405376;88.4696;0.993218043
4.344233591;82.25249;1.043294469;91.57157;0.740603541;89.08632;0.857252097;88.48194;0.969427324
4.356505438;82.32481;1.026258337;91.5756;0.75090841;89.05508;0.867241093;88.44411;0.948803013
4.368777284;82.2771;1.059361747;91.57898;0.766894647;89.05017;0.849770181;88.43995;0.944126097
4.38104913;82.31907;1.157359601;91.58144;0.771350534;89.04359;0.851334624;88.45307;0.988039971
4.393320977;82.27632;1.068787199;91.58063;0.77704401;89.0559;0.863590673;88.45069;0.976301477
4.405592823;82.30012;1.073066086;91.57896;0.762411279;89.05589;0.870516202;88.43505;0.985478476
4.417864669;82.17188;1.066380826;91.57816;0.764466451;89.04357;0.874341344;88.43338;0.96215301
4.430136515;82.28869;0.829604046;91.58471;0.774322998;89.04448;0.878472179;88.40954;0.972719728
4.442408362;82.34787;1.114329742;91.58474;0.76541417;89.06167;0.867350898;88.40871;0.964055759
4.454680208;82.19819;1.090320143;91.58473;0.756865059;89.07481;0.830527142;88.40541;0.976410652
4.466952054;82.34704;1.051685627;91.59463;0.738754907;89.07563;0.838969125;88.44816;0.976331857
4.479223901;82.40373;1.071776794;91.60118;0.749727409;89.06744;0.851559632;88.44321;0.978915863
4.491495747;82.23018;1.04306817;91.61269;0.747645447;89.06743;0.869442468;88.44323;0.973857565
4.503767593;82.13979;1.145940717;91.62912;0.740082783;89.05429;0.878319717;88.41451;0.951734716
4.51603944;82.34782;1.026559529;91.63162;0.748062735;89.05671;0.83786701;88.44163;0.952710509
4.528311286;82.33716;1.045966765;91.63489;0.75632198;89.06335;0.838655345;88.46622;0.946647153
4.540583132;82.40299;1.084989903;91.64308;0.746783244;89.05751;0.869078069;88.45472;0.937832033
4.552854978;82.40541;1.072260893;91.64231;0.761628212;89.0419;0.864437557;88.48677;0.945826684
4.565126825;82.34457;1.093368175;91.66288;0.755157762;89.07067;0.867813275;88.49341;0.94443866
4.577398671;82.35197;1.054674324;91.67107;0.760348739;89.08387;0.89384929;88.48763;0.954788308
4.589670517;82.33219;1.124759927;91.66037;0.766754832;89.08628;0.869532461;88.47449;0.953146353
4.601942364;82.26647;1.186244835;91.67347;0.761344133;89.09043;0.858785937;88.47286;0.969527566
4.61421421;82.23194;1.199260429;91.6727;0.778505665;89.07486;0.858399138;88.48935;0.952434831
4.626486056;82.2763;1.09860695;91.68344;0.768080352;89.10444;0.862729567;88.49839;0.973348888
4.638757903;82.38319;1.178617866;91.69987;0.771474247;89.13233;0.849452071;88.53205;0.971022959
4.651029749;82.47367;1.143261475;91.71795;0.770942856;89.12168;0.854264407;88.52877;0.948888422
4.663301595;82.32234;1.188214545;91.7385;0.783013429;89.1291;0.862227377;88.52056;0.926591629
4.675573441;82.45474;1.068586044;91.74421;0.791151734;89.1373;0.862318601;88.53531;0.936059151
4.687845288;82.39141;0.970890798;91.74917;0.792397805;89.11593;0.870078413;88.54685;0.945401675
4.700117134;82.33883;1.150780874;91.76973;0.766937245;89.11262;0.93530969;88.46784;0.996526996
4.71238898;81.12666;1.018653417;91.25083;0.804051168;87.98104;1.014462773;87.04774;1.050300306
4.724660827;82.09784;1.04452026;91.79362;0.76464636;89.10366;0.915108816;88.45316;0.970236659
4.736932673;82.37993;1.055887468;91.76563;0.788829191;89.17101;0.891824125;88.53703;0.946108899
4.749204519;82.5296;1.15550119;91.76236;0.773939126;89.18504;0.898212635;88.56995;0.974325843
4.761476366;82.44903;1.171854056;91.75988;0.774011115;89.20313;0.8922609;88.54772;0.962145219
4.773748212;82.37499;1.202866547;91.76646;0.791924231;89.23518;0.886737632;88.53292;0.941500193
4.786020058;82.54192;1.170085011;91.76811;0.788368339;89.2549;0.879059458;88.54686;0.941376545
4.798291905;82.39388;1.05027151;91.77717;0.781671824;89.25084;0.847461406;88.55094;0.948798449
4.810563751;82.33226;1.058345894;91.79445;0.767389919;89.24503;0.851661253;88.55752;0.974288309
4.822835597;82.38481;1.145548739;91.79937;0.764500957;89.25739;0.887336282;88.55257;0.978605521
4.835107443;82.35035;1.085970325;91.80182;0.735992165;89.25572;0.871379367;88.54272;0.993295113
4.84737929;82.39054;1.132608762;91.81002;0.747767851;89.27137;0.853988778;88.54605;1.008947961
4.859651136;82.2713;1.145243472;91.82404;0.740608438;89.27139;0.824568346;88.56659;1.017495485
4.871922982;82.31909;1.113715485;91.82483;0.735846928;89.27793;0.834941893;88.58555;1.014311751
4.884194829;82.32566;1.173241784;91.82484;0.735827272;89.28702;0.846626907;88.59706;1.027787788
4.896466675;82.32813;1.107601478;91.80927;0.751419096;89.32319;0.82427364;88.66203;0.997579595
4.908738521;82.3865;1.105998178;91.81252;0.749178503;89.31658;0.847022458;88.68093;0.984032268
4.921010368;82.32889;1.130313009;91.82571;0.75320712;89.30595;0.839538449;88.68173;0.993597684
4.933282214;82.5592;1.16656608;91.8142;0.763591239;89.33636;0.87443006;88.69898;0.981294706
4.94555406;82.33796;1.112071328;91.8249;0.769851888;89.34374;0.885859533;88.70556;0.987206446
4.957825906;82.34291;1.137770777;91.81331;0.769632441;89.35854;0.879537247;88.71048;1.009141382
4.970097753;82.40042;1.193785577;91.80755;0.773765977;89.38152;0.87270338;88.74018;1.007322613
4.982369599;82.22947;1.137358681;91.80344;0.775486909;89.39963;0.879682632;88.75076;1.035037537
4.994641445;82.37334;1.261298143;91.78862;0.771922597;89.4054;0.870664505;88.72369;1.014505946
5.006913292;82.41201;1.127627416;91.78621;0.772634678;89.39223;0.878859657;88.75333;1.020222947
5.019185138;82.44491;1.286939246;91.75745;0.792053059;89.3865;0.865957788;88.77629;1.022071077
5.031456984;82.41119;1.17552491;91.77221;0.791990143;89.39145;0.906954865;88.76233;0.987824803
5.043728831;82.38978;1.023492937;91.7804;0.804403133;89.37665;0.877788988;88.75907;0.994274442
5.056000677;82.43994;1.180743468;91.75905;0.77889788;89.34542;0.861141082;88.75906;0.985459881
5.068272523;82.39392;1.153093922;91.74094;0.788544353;89.33802;0.872761811;88.75246;1.001809238
5.080544369;82.50738;1.160696694;91.7385;0.781385417;89.33798;0.875999714;88.77219;1.002756907
5.092816216;82.53782;1.058172504;91.73268;0.766296129;89.34461;0.903216518;88.75655;1.012052749
5.105088062;82.4893;1.188197892;91.70971;0.777454929;89.33967;0.937802101;88.73923;1.02129077
5.117359908;82.34047;1.114119594;91.69736;0.803147278;89.35281;0.913327255;88.73359;1.002317865
5.129631755;82.4679;1.173120791;91.70066;0.807591484;89.35277;0.908375758;88.7533;0.992790718
5.141903601;82.4893;1.190199517;91.68996;0.822721993;89.33301;0.923932341;88.73686;0.963535417
5.154175447;82.46877;1.090408858;91.67269;0.802009011;89.36262;0.891434448;88.75485;0.962598757
5.166447294;82.48109;1.119677928;91.68916;0.79475952;89.35524;0.900140346;88.74173;0.950316114
5.17871914;82.35853;1.165325847;91.67763;0.815407072;89.35935;0.877745742;88.72699;0.990609696
5.190990986;82.4498;1.119133004;91.67105;0.81901976;89.33713;0.881643393;88.7229;0.991237484
5.203262833;82.34783;1.178916936;91.65134;0.815797956;89.3577;0.858932331;88.73437;1.005890865
5.215534679;82.31087;1.10963755;91.64718;0.828131564;89.36187;0.84710241;88.72696;0.991390497
5.227806525;82.41527;1.267911841;91.61928;0.834349856;89.37414;0.85975286;88.73601;0.999553585
5.240078371;82.34618;1.153490671;91.59712;0.846632202;89.33059;0.859550733;88.70635;0.981867571
5.252350218;82.36593;1.216151202;91.5757;0.852729283;89.33634;0.867644884;88.71053;0.998884542
5.264622064;82.34701;1.076900046;91.59374;0.859666175;89.35612;0.848435835;88.72285;0.98617945
5.27689391;82.52468;1.070602362;91.60608;0.876965093;89.39142;0.846380389;88.71542;1.002058962
5.289165757;82.41775;1.058314324;91.60858;0.863231188;89.38896;0.837016654;88.70886;1.011066981
5.301437603;82.42026;1.137006303;91.62341;0.86028693;89.36265;0.829177115;88.69902;1.027826143
5.313709449;82.33882;1.11191348;91.64232;0.85499063;89.37905;0.839444928;88.71538;1.016446947
5.325981296;82.34781;1.223220476;91.63815;0.862910185;89.38899;0.831149391;88.71794;1.001717164
5.338253142;82.5304;1.189332813;91.62424;0.878737983;89.37252;0.814421273;88.68416;0.993554012
5.350524988;82.4383;1.140172123;91.64478;0.904415951;89.39393;0.834250661;88.6957;1.018060426
5.362796834;82.42108;1.134856543;91.65793;0.928404559;89.4211;0.836646538;88.69489;1.001107695
5.375068681;82.4893;1.287627745;91.66948;0.900018383;89.43172;0.871684256;88.72117;0.981871693
5.387340527;82.49013;1.09158904;91.6801;0.882661028;89.43831;0.888028588;88.73435;0.953399752
5.399612373;82.59949;0.973370181;91.69413;0.886671491;89.47203;0.902610663;88.72861;0.980731573
5.41188422;82.67598;1.095732166;91.71385;0.883216048;89.46135;0.894117032;88.7237;1.011968908
5.424156066;82.45887;1.085466873;91.73353;0.861873952;89.45641;0.86942863;88.72942;1.007124483
5.436427912;82.59044;1.095290585;91.7212;0.869792079;89.46785;0.886698363;88.71137;0.995132098
5.448699759;82.64883;1.130826035;91.73851;0.853465822;89.45062;0.868661715;88.69819;0.972279607
5.460971605;82.54112;1.051158326;91.73928;0.857269655;89.46957;0.875859478;88.71787;0.953666668
5.473243451;82.69244;1.179449205;91.75163;0.850992816;89.48271;0.873168945;88.72945;0.944461427
5.485515297;82.58879;1.13231926;91.76811;0.843345385;89.48273;0.858049659;88.75168;0.941139032
5.497787144;82.70228;1.098448998;91.78621;0.832337183;89.49834;0.844749054;88.7623;0.957357128
5.51005899;82.69084;1.061722664;91.79526;0.828064691;89.4868;0.835722023;88.7788;0.960109931
5.522330836;82.7327;1.067892443;91.8117;0.836565234;89.51309;0.845825267;88.79196;0.961697665
5.534602683;82.75741;1.162284682;91.80428;0.84521918;89.54114;0.850260596;88.80261;0.974798409
5.546874529;82.75163;1.173204685;91.83225;0.871165247;89.54278;0.869733115;88.82234;0.99431801
5.559146375;82.91197;1.109193865;91.83801;0.857969189;89.55013;0.862456708;88.83226;0.989662555
5.571418222;82.87087;1.055676576;91.84458;0.82633445;89.57152;0.892863982;88.87085;1.004359909
5.583690068;82.87421;1.224874731;91.84617;0.819914203;89.54847;0.874001332;88.87497;0.999811957
5.595961914;82.96959;1.069328903;91.83969;0.810252167;89.54525;0.858651447;88.92767;0.997809912
5.608233761;82.92929;1.282595792;91.85937;0.809758528;89.57238;0.887408776;88.9474;0.965203554
5.620505607;82.95723;1.095140172;91.87012;0.786295152;89.55261;0.928758127;88.99262;0.986198355
5.632777453;82.90457;1.072679843;91.87992;0.778128276;89.53705;0.938565686;88.98435;1.010500414
5.645049299;82.83634;1.245317897;91.89398;0.781110824;89.54852;0.932836046;89.00738;1.032440447
5.657321146;83.00162;1.124946228;91.88902;0.791184302;89.50988;0.921288633;88.99835;1.035929808
5.669592992;83.03535;1.091126935;91.89233;0.778680718;89.52626;0.905801111;89.00328;1.044399618
5.681864838;83.00655;1.035596547;91.88243;0.758330393;89.54438;0.898018349;89.02876;1.049242938
5.694136685;82.86347;1.220193874;91.90714;0.756334397;89.54769;0.923490538;89.0568;1.038274954
5.706408531;83.09871;1.116399313;91.90382;0.762452981;89.51561;0.903251481;89.03458;1.02689432
5.718680377;82.95647;1.038823214;91.90053;0.786285565;89.51559;0.900745004;89.06742;0.996164205
5.730952224;82.88481;1.159339404;91.89643;0.791341295;89.49423;0.918766846;89.07646;0.973075716
5.74322407;82.97199;1.153170807;91.89561;0.778450203;89.48355;0.894370162;89.08468;0.961581758
5.755495916;83.01889;1.064378682;91.9087;0.764538207;89.51154;0.89032517;89.10277;0.986374471
5.767767762;82.87987;1.038624664;91.89885;0.760819169;89.47527;0.923187065;89.12741;0.995396716
5.780039609;82.95393;1.106553724;91.89799;0.750388146;89.44489;0.9392586;89.15628;0.968927243
5.792311455;83.05266;1.07269075;91.89152;0.740126942;89.43423;0.973850634;89.19327;0.966733654
5.804583301;82.86846;1.11015538;91.87915;0.737947198;89.44574;0.974127205;89.22451;0.943801245
5.816855148;82.95558;1.169777203;91.86187;0.742090947;89.46545;0.99991504;89.22122;0.948979479
5.829126994;82.9983;1.141091368;91.86515;0.748188471;89.43831;0.979838126;89.23187;0.953687534
5.84139884;82.97773;1.239443447;91.85445;0.733920123;89.41031;0.969945882;89.26808;0.959411671
5.853670687;82.9687;1.145519249;91.84289;0.730097376;89.41365;0.94805688;89.24257;0.980829947
5.865942533;82.79355;1.218667915;91.85361;0.735296497;89.37251;0.935560361;89.24258;0.953758451
5.878214379;82.78868;1.039509297;91.84459;0.713439277;89.33307;0.983412236;89.26233;0.93201191
5.890486225;82.88242;1.072571584;91.84793;0.718505953;89.28862;0.960333273;89.25575;0.931800809
5.902758072;82.63981;1.07065603;91.82814;0.712186507;89.29106;0.972293298;89.21621;0.905489849
5.915029918;82.73848;1.097512929;91.82241;0.714814131;89.26975;0.966500526;89.21706;0.919864205
5.927301764;82.70635;1.148414763;91.79443;0.743939033;89.20968;0.944313665;89.17763;0.93202402
5.939573611;82.60112;1.041709098;91.81331;0.737936687;89.22117;0.948464855;89.13322;0.924896595
5.951845457;82.55999;1.080118813;91.80266;0.739618689;89.19982;0.937568722;89.06168;0.934969677
5.964117303;82.65869;1.02334254;91.78125;0.749906319;89.1801;0.934298223;89.02792;0.957687785
5.97638915;82.6365;1.035840282;91.78783;0.740005568;89.18011;0.93996719;89.00327;0.938220378
5.988660996;82.52887;1.089798419;91.77799;0.741962162;89.2064;0.9556868;89.00332;0.928268225
6.000932842;82.55261;1.131245702;91.78296;0.732989903;89.20889;0.948916697;88.95892;0.920042789
6.013204689;82.54271;1.09269836;91.76727;0.740079872;89.18998;0.933552505;88.94909;0.91634845
6.025476535;82.48522;1.112379617;91.74918;0.744237293;89.17182;0.9305419;88.92183;0.920647153
6.037748381;82.38734;1.132321414;91.73032;0.742423934;89.2015;0.95284801;88.89394;0.945859607
6.050020227;82.36098;1.143648154;91.73028;0.755650542;89.17597;0.94771856;88.88489;0.930614699
6.062292074;82.47697;1.162598413;91.72041;0.765909774;89.16938;0.937094603;88.8931;0.937232559
6.07456392;82.37662;1.318697431;91.69986;0.776032461;89.11753;0.979227547;88.86924;0.904911467
6.086835766;82.30594;1.146500866;91.68919;0.777556592;89.1028;0.986342405;88.84619;0.909541551
6.099107613;82.22696;1.11135268;91.66776;0.767616091;89.07142;0.960919874;88.81908;0.906697289
6.111379459;82.27875;1.082293226;91.67356;0.751005437;89.06332;0.906567746;88.80343;0.89710284
6.123651305;82.34534;1.152691747;91.67438;0.745546106;89.06494;0.917054358;88.78621;0.88571113
6.135923152;82.34048;1.020584122;91.6678;0.750667276;89.0468;0.915536924;88.77307;0.88315521
6.148194998;82.33876;1.156639556;91.66528;0.74952441;89.02546;0.896592933;88.75656;0.902710478
6.160466844;82.273;1.026535874;91.67191;0.737650216;88.96788;0.877967599;88.7467;0.892165338
6.17273869;82.32811;1.132688491;91.67686;0.726871158;88.96384;0.894316306;88.7475;0.894474175
6.185010537;82.3922;1.1161629;91.65704;0.726416587;88.93993;0.894908669;88.7385;0.903087443
6.197282383;82.30014;1.049394264;91.67188;0.719143842;88.94817;0.834402218;88.72525;0.864902924
6.209554229;82.21305;1.039455467;91.66451;0.69703926;88.90702;0.845928082;88.71952;0.885931684
6.221826076;82.21791;1.117516148;91.65298;0.7072883;88.90378;0.877742475;88.77136;0.918933115
6.234097922;82.33881;1.0419985;91.67106;0.711786272;88.88645;0.885244953;88.78288;0.911961735
6.246369768;82.25;1.011996877;91.67931;0.698661616;88.88731;0.905058094;88.77958;0.911467116
6.258641615;82.22617;1.286575369;91.67601;0.698439897;88.88323;0.876695909;88.76722;0.909426991
6.270913461;82.23522;1.059321137;91.6834;0.71091299;88.91116;0.835714386;88.73846;0.912619509
